city_id,City,Lat,Lng,Max Temp,Humidity,Cloudiness,Wind Speed,Country,Date
0,Tuktoyaktuk,69.4541,-133.0374,41,93,90,23.02,CA,6/22/21 2:45
1,Grindavik,63.8424,-22.4338,46.35,93,90,12.66,IS,6/22/21 2:45
2,Rikitea,-23.1203,-134.9692,75.15,82,86,12.97,PF,6/22/21 2:45
3,Bredasdorp,-34.5322,20.0403,67.28,67,20,10.36,ZA,6/22/21 2:45
4,Lagoa,39.05,-27.9833,63.61,74,43,8.55,PT,6/22/21 2:45
5,Adrar,20.5022,-10.0711,85.35,15,42,12.37,MR,6/22/21 2:45
6,Kodiak,57.79,-152.4072,47.71,93,90,5.75,US,6/22/21 2:45
7,Punta Arenas,-53.15,-70.9167,33.91,86,0,6.91,CL,6/22/21 2:43
8,Dikson,73.5069,80.5464,33.44,86,54,10.16,RU,6/22/21 2:45
9,Thompson,55.7435,-97.8558,53.76,54,75,3.44,CA,6/22/21 2:45
10,Tiksi,71.6872,128.8694,61.41,52,14,5.01,RU,6/22/21 2:45
11,Lebu,-37.6167,-73.65,52.86,95,100,6.96,CL,6/22/21 2:45
12,Saint George,37.1041,-113.5841,100.99,5,1,9.22,US,6/22/21 2:41
13,Fortuna,40.5982,-124.1573,59.94,68,90,4,US,6/22/21 2:43
14,Barrow,71.2906,-156.7887,42.82,65,1,10.36,US,6/22/21 2:45
15,Qaanaaq,77.484,-69.3632,36,71,20,7.11,GL,6/22/21 2:45
16,Ushuaia,-54.8,-68.3,37.06,75,0,11.5,AR,6/22/21 2:45
17,Te Anau,-45.4167,167.7167,46.17,68,52,0.65,NZ,6/22/21 2:45
18,Khatanga,71.9667,102.5,62.73,54,100,8.08,RU,6/22/21 2:45
19,Busselton,-33.65,115.3333,53.1,70,86,10.74,AU,6/22/21 2:45
20,Cape Town,-33.9258,18.4232,63.88,85,75,11.99,ZA,6/22/21 2:43
21,Viedma,-40.8135,-62.9967,48.67,67,61,13.33,AR,6/22/21 2:45
22,East London,-33.0153,27.9116,68.45,34,10,14.76,ZA,6/22/21 2:45
23,Santa Marinella,42.0345,11.8536,76.41,94,0,6.42,IT,6/22/21 2:45
24,Port Elizabeth,-33.918,25.5701,76.1,32,0,8.05,ZA,6/22/21 2:45
25,Mocuba,-16.8392,36.9856,62.28,97,66,2.35,MZ,6/22/21 2:45
26,Alofi,-19.0595,-169.9187,80.49,65,40,5.75,NU,6/22/21 2:45
27,Bluff,-46.6,168.3333,48.79,70,78,17.83,NZ,6/22/21 2:45
28,Guerrero Negro,27.9769,-114.0611,65.66,84,3,15.82,MX,6/22/21 2:45
29,Cap Malheureux,-19.9842,57.6142,68.49,74,53,5.01,MU,6/22/21 2:45
30,Hithadhoo,-0.6,73.0833,83.55,72,62,11.07,MV,6/22/21 2:45
31,Port Alfred,-33.5906,26.891,69.37,36,4,18.63,ZA,6/22/21 2:45
32,Mar Del Plata,-38.0023,-57.5575,51.13,66,0,1.01,AR,6/22/21 2:45
33,Mataura,-46.1927,168.8643,48.47,77,79,6.62,NZ,6/22/21 2:45
34,Bucerias,20.75,-105.3333,82.38,74,90,8.05,MX,6/22/21 2:45
35,Hermanus,-34.4187,19.2345,67.8,78,61,27.96,ZA,6/22/21 2:45
36,Salalah,17.0151,54.0924,78.89,94,90,6.91,OM,6/22/21 2:45
37,Norman Wells,65.282,-126.8329,57.24,94,90,3.44,CA,6/22/21 2:45
38,Belmonte,-15.8631,-38.8828,73.9,90,5,2.86,BR,6/22/21 2:45
39,The Valley,18.217,-63.0578,78.1,77,96,22.21,AI,6/22/21 2:45
40,Victoria,22.2855,114.1577,79.32,86,100,8.01,HK,6/22/21 2:45
41,Mineiros,-17.5694,-52.5511,68.04,50,84,4.27,BR,6/22/21 2:45
42,Coihaique,-45.5752,-72.0662,33.75,86,40,4.61,CL,6/22/21 2:45
43,Albany,42.6001,-73.9662,74.59,89,100,2.24,US,6/22/21 2:43
44,Fort Nelson,58.8053,-122.7002,81.99,34,75,6.91,CA,6/22/21 2:41
45,Wagar,16.1525,36.2032,80.76,51,76,8.3,SD,6/22/21 2:45
46,Elista,46.3078,44.2558,72.12,35,61,17.9,RU,6/22/21 2:45
47,Yulara,-25.2406,130.9889,55.24,76,90,4.61,AU,6/22/21 2:45
48,Provideniya,64.3833,-173.3,48.31,76,90,6.71,RU,6/22/21 2:45
49,Faanui,-16.4833,-151.75,79.84,72,0,6.91,PF,6/22/21 2:45
50,Njinikom,6.2333,10.2833,59.67,91,100,0.63,CM,6/22/21 2:45
51,Borgarnes,64.5383,-21.9206,46.81,96,100,10.96,IS,6/22/21 2:45
52,Kamphaeng Phet,16.25,99.5,84.81,64,100,2.46,TH,6/22/21 2:45
53,Beringovskiy,63.05,179.3167,43.36,67,65,13.8,RU,6/22/21 2:45
54,Lavrentiya,65.5833,-171,48.24,71,97,4.21,RU,6/22/21 2:45
55,Chuy,-33.6971,-53.4616,53.98,87,100,3.13,UY,6/22/21 2:45
56,Mahebourg,-20.4081,57.7,68.29,68,75,8.05,MU,6/22/21 2:45
57,Havelock,34.8791,-76.9013,80.94,88,1,7,US,6/22/21 2:44
58,Makakilo City,21.3469,-158.0858,86.32,49,1,8.05,US,6/22/21 2:45
59,Vardo,70.3705,31.1107,50.2,97,100,3.6,NO,6/22/21 2:45
60,Grand Island,40.925,-98.342,74.35,55,1,4.61,US,6/22/21 2:44
61,Klaksvik,62.2266,-6.589,47.32,83,85,16.44,FO,6/22/21 2:45
62,Kaitangata,-46.2817,169.8464,47.93,56,78,10.56,NZ,6/22/21 2:45
63,Avarua,-21.2078,-159.775,77.05,61,0,5.75,CK,6/22/21 2:45
64,Portland,45.5234,-122.6762,93.18,41,20,1.99,US,6/22/21 2:43
65,Yichun,47.7,128.9,79.21,33,6,1.52,CN,6/22/21 2:45
66,Oudtshoorn,-33.5907,22.2014,70.16,38,0,9.71,ZA,6/22/21 2:45
67,Kasongo,-4.45,26.6667,70.52,51,98,3.22,CD,6/22/21 2:45
68,Ponta Do Sol,32.6667,-17.1,69.01,69,22,3.04,PT,6/22/21 2:45
69,Puerto Ayora,-0.7393,-90.3518,73.54,92,93,7,EC,6/22/21 2:44
70,Thoen,17.6129,99.2161,86.56,59,100,3.06,TH,6/22/21 2:45
71,Pevek,69.7008,170.3133,40.86,69,8,6.51,RU,6/22/21 2:45
72,Souillac,-20.5167,57.5167,68.38,68,75,8.05,MU,6/22/21 2:45
73,Castro,-24.7911,-50.0119,52.84,98,100,2.21,BR,6/22/21 2:45
74,Tasiilaq,65.6145,-37.6368,39.36,82,3,1.97,GL,6/22/21 2:45
75,Santa Cruz,-17.8,-63.1667,54.86,88,90,6.91,BO,6/22/21 2:44
76,Boa Vista,2.8197,-60.6733,78.78,78,75,2.3,BR,6/22/21 2:41
77,Dunedin,-45.8742,170.5036,48.79,56,69,18.01,NZ,6/22/21 2:45
78,Sitka,57.0531,-135.33,53.49,76,90,10.36,US,6/22/21 2:45
79,Victoria Point,-27.5833,153.3,73.35,61,69,10,AU,6/22/21 2:45
80,Aginskoye,51.1,114.53,74.01,48,33,9.6,RU,6/22/21 2:45
81,Arraial Do Cabo,-22.9661,-42.0278,68.85,80,14,12.73,BR,6/22/21 2:45
82,Vaini,-21.2,-175.2,80.76,78,20,13.8,TO,6/22/21 2:45
83,Salekhard,66.53,66.6019,47.68,70,100,5.1,RU,6/22/21 2:45
84,Alice Springs,-23.7,133.8833,65.75,30,100,19.71,AU,6/22/21 2:45
85,Bataipora,-22.2953,-53.2711,62.8,94,100,3.6,BR,6/22/21 2:45
86,Severnyy,50.677,36.5532,69.84,60,0,11.18,RU,6/22/21 2:45
87,Yellowknife,62.456,-114.3525,68.52,32,40,6.91,CA,6/22/21 2:45
88,Krasnaya Gora,52.9995,31.6023,66.11,91,80,7.47,RU,6/22/21 2:45
89,Georgetown,5.4112,100.3354,84.88,76,20,3,MY,6/22/21 2:44
90,Atuona,-9.8,-139.0333,78.85,79,24,11.16,PF,6/22/21 2:45
91,Aklavik,68.2191,-135.0107,52.52,55,96,20.92,CA,6/22/21 2:45
92,Hofn,64.2539,-15.2082,46.78,98,100,12.24,IS,6/22/21 2:45
93,Ribeira Grande,38.5167,-28.7,65.71,76,93,8.08,PT,6/22/21 2:45
94,Asau,46.4333,26.4,61.72,100,36,3.22,RO,6/22/21 2:45
95,Isangel,-19.55,169.2667,77.11,73,75,3.44,VU,6/22/21 2:45
96,Bengkulu,-3.8004,102.2655,82.67,65,100,3.62,ID,6/22/21 2:45
97,Camacha,33.0833,-16.3333,65.53,77,75,11.5,PT,6/22/21 2:45
98,Goba,7.0167,39.9833,46.63,90,42,4.85,ET,6/22/21 2:45
99,Puerto Madryn,-42.7692,-65.0385,52.03,61,100,13.27,AR,6/22/21 2:45
100,Hobart,-42.8794,147.3294,51.26,83,75,8.05,AU,6/22/21 2:45
101,Ryazanovskiy,55.55,39.4333,69.33,80,96,2.91,RU,6/22/21 2:45
102,La Roda,39.2167,-2.15,57.9,68,0,6.33,ES,6/22/21 2:45
103,Cherskiy,68.75,161.3,72.48,28,53,5.17,RU,6/22/21 2:45
104,South Lake Tahoe,38.9332,-119.9844,79.45,34,1,5.75,US,6/22/21 2:45
105,Ust-Nera,64.5667,143.2,65.21,32,89,5.59,RU,6/22/21 2:45
106,San Quintin,30.4833,-115.95,63.93,85,61,11.41,MX,6/22/21 2:45
107,Saskylakh,71.9167,114.0833,81.21,38,3,7.09,RU,6/22/21 2:45
108,Yar-Sale,66.8333,70.8333,48.2,51,98,13.2,RU,6/22/21 2:45
109,Vanavara,60.34,102.2797,55.13,78,100,7.31,RU,6/22/21 2:45
110,Bosaso,11.2842,49.1816,89.22,41,97,25.12,SO,6/22/21 2:45
111,Pokhara,28.2333,83.9833,77.72,85,81,3.27,NP,6/22/21 2:45
112,Hilo,19.7297,-155.09,78.53,75,90,6.91,US,6/22/21 2:45
113,Cururupu,-1.8283,-44.8683,73,96,0,2.66,BR,6/22/21 2:45
114,Butaritari,3.0707,172.7902,82.9,68,88,2.82,KI,6/22/21 2:45
115,College,64.8569,-147.8028,71.55,69,75,9.22,US,6/22/21 2:42
116,Rocha,-34.4833,-54.3333,44.33,88,15,1.97,UY,6/22/21 2:45
117,Kiruna,67.8557,20.2251,49.12,93,90,6.91,SE,6/22/21 2:45
118,Baishishan,43.5833,127.5667,71.02,52,27,5.03,CN,6/22/21 2:45
119,Kalmunai,7.4167,81.8167,83.43,69,100,4.76,LK,6/22/21 2:45
120,Mairang,25.5667,91.6333,63.52,86,100,2.28,IN,6/22/21 2:45
121,San Cristobal,7.7669,-72.225,69.98,92,48,2.66,VE,6/22/21 2:45
122,Bambanglipuro,-7.95,110.2833,67.6,74,84,6.49,ID,6/22/21 2:45
123,Constitucion,-35.3333,-72.4167,54.05,70,100,5.14,CL,6/22/21 2:45
124,Merritt,50.1123,-120.7942,88.63,45,56,5.17,CA,6/22/21 2:45
125,Clyde River,70.4692,-68.5914,34.03,93,40,13.8,CA,6/22/21 2:45
126,Vilcun,-38.65,-72.2333,47.14,96,100,3.44,CL,6/22/21 2:45
127,Suhut,38.5311,30.5458,56.3,90,2,1.48,TR,6/22/21 2:45
128,Dingle,10.9995,122.6711,82.58,75,100,4.54,PH,6/22/21 2:45
129,Mount Isa,-20.7333,139.5,78.57,18,100,6.91,AU,6/22/21 2:45
130,Kihei,20.785,-156.4656,86.02,70,20,21.85,US,6/22/21 2:43
131,Korla,41.7597,86.1469,81.61,25,100,7.85,CN,6/22/21 2:45
132,Novikovo,51.1537,37.8879,67.8,78,0,9.95,RU,6/22/21 2:45
133,Faya,18.3851,42.4509,68.11,14,79,4.23,SA,6/22/21 2:45
134,Kushiro,42.975,144.3747,65.35,63,75,10.36,JP,6/22/21 2:45
135,Port Moresby,-9.4431,147.1797,85.42,66,40,11.5,PG,6/22/21 2:45
136,Turukhansk,65.8167,87.9833,39.06,97,100,14.14,RU,6/22/21 2:45
137,Rumford,44.5537,-70.5509,75.07,99,100,3.89,US,6/22/21 2:45
138,Zhaotong,27.3167,103.7167,66.56,54,98,2.17,CN,6/22/21 2:45
139,Jamestown,42.097,-79.2353,63.99,82,75,8.05,US,6/22/21 2:43
140,Kapaa,22.0752,-159.319,82.72,76,40,1.99,US,6/22/21 2:45
141,Baoqing,46.3317,132.2111,78.13,39,33,4.16,CN,6/22/21 2:45
142,Touros,-5.1989,-35.4608,74.3,89,23,10.92,BR,6/22/21 2:43
143,Upernavik,72.7868,-56.1549,36.61,70,3,4.76,GL,6/22/21 2:45
144,Miri,4.4148,114.0089,86.14,74,20,2.3,MY,6/22/21 2:45
145,Jos,9.9167,8.9,64.38,93,100,5.3,NG,6/22/21 2:45
146,Kirakira,-10.4544,161.9205,83.82,77,95,11.41,SB,6/22/21 2:45
147,West Odessa,31.8424,-102.4988,73.42,62,75,18.41,US,6/22/21 2:45
148,Atar,20.5169,-13.0499,86.25,17,8,8.9,MR,6/22/21 2:45
149,Mount Gambier,-37.8333,140.7667,51.71,82,100,14.97,AU,6/22/21 2:45
150,Shemonaikha,50.6328,81.9056,53.44,81,68,11.52,KZ,6/22/21 2:45
151,Pueblo Nuevo,23.3833,-105.3833,61.02,95,100,3.11,MX,6/22/21 2:45
152,Dewa,27.0333,81.1667,86,62,21,4.85,IN,6/22/21 2:45
153,Hami,42.8,93.45,84.24,17,100,1.23,CN,6/22/21 2:45
154,Eyl,7.9803,49.8164,77.27,73,33,17.29,SO,6/22/21 2:45
155,Dicabisagan,17.0818,122.4157,89.56,62,100,7.18,PH,6/22/21 2:45
156,Shimoda,34.6667,138.95,77.11,71,58,11.56,JP,6/22/21 2:45
157,Solnechnyy,50.7214,136.6319,78.6,41,100,6.46,RU,6/22/21 2:45
158,Bereda,43.2686,-7.5406,56.14,100,100,1.68,ES,6/22/21 2:45
159,Menongue,-14.6585,17.691,46.26,58,36,4.79,AO,6/22/21 2:45
160,Bandarbeyla,9.4942,50.8122,76.8,80,15,22.01,SO,6/22/21 2:45
161,Arzgir,45.3728,44.2206,76.96,41,1,15.9,RU,6/22/21 2:45
162,Leningradskiy,69.3833,178.4167,48.18,61,16,11.99,RU,6/22/21 2:45
163,Semnan,35.5729,53.3971,79.12,19,0,1.77,IR,6/22/21 2:45
164,Visakhapatnam,17.69,83.2093,85.89,70,100,10.36,IN,6/22/21 2:45
165,Lazaro Cardenas,17.9583,-102.2,80.96,83,77,6.02,MX,6/22/21 2:45
166,Kyzyl-Suu,42.3414,78.0056,59.85,57,53,6.76,KG,6/22/21 2:45
167,Muros,42.7762,-9.0603,59.99,92,83,10.25,ES,6/22/21 2:45
168,Hobyo,5.3505,48.5268,76.1,85,49,21.47,SO,6/22/21 2:45
169,Severo-Kurilsk,50.6789,156.125,48.99,76,31,9.31,RU,6/22/21 2:45
170,Sawai Madhopur,25.9833,76.3667,93.15,37,15,15.21,IN,6/22/21 2:45
171,Ust-Kulom,61.6864,53.6902,65.52,76,21,4.65,RU,6/22/21 2:45
172,Tianpeng,30.9866,103.9393,84.67,63,100,2.89,CN,6/22/21 2:45
173,Bambous Virieux,-20.3428,57.7575,68.25,68,75,8.05,MU,6/22/21 2:45
174,Kavieng,-2.5744,150.7967,85.5,68,37,14.83,PG,6/22/21 2:45
175,Lesnyye Polyany,55.9667,37.8667,73.17,81,91,3.83,RU,6/22/21 2:45
176,Mandalgovi,45.7625,106.2708,71.22,39,100,16.84,MN,6/22/21 2:45
177,Luderitz,-26.6481,15.1594,59.41,79,0,7.31,NA,6/22/21 2:45
178,Port-Gentil,-0.7193,8.7815,76.84,86,100,13.87,GA,6/22/21 2:45
179,Iqaluit,63.7506,-68.5145,33.53,86,75,28.99,CA,6/22/21 2:44
180,Whyalla,-33.0333,137.5833,58.89,55,100,11.5,AU,6/22/21 2:45
181,Webuye,0.6075,34.7697,55.18,89,0,4.9,KE,6/22/21 2:45
182,Springbok,-29.6643,17.8865,51.08,54,0,4.16,ZA,6/22/21 2:45
183,Talnakh,69.4865,88.3972,39.79,88,100,11.83,RU,6/22/21 2:45
184,Whitehorse,60.7161,-135.0538,60.03,44,75,15.99,CA,6/22/21 2:42
185,Dalby,-27.1833,151.2667,70.99,41,4,3,AU,6/22/21 2:45
186,Pisco,-13.7,-76.2167,64.45,82,90,10.36,PE,6/22/21 2:44
187,Saldanha,-33.0117,17.9442,60.85,89,73,17.29,ZA,6/22/21 2:45
188,Sur,22.5667,59.5289,90.57,43,0,5.32,OM,6/22/21 2:45
189,Shangrao,28.4532,117.9686,75.2,73,100,7.67,CN,6/22/21 2:45
190,Boueni,-12.9025,45.0761,76.98,70,58,18.9,YT,6/22/21 2:46
191,Chingola,-12.529,27.8838,47.84,85,24,4.92,ZM,6/22/21 2:46
192,Kahului,20.8947,-156.47,86.02,70,20,21.85,US,6/22/21 2:45
193,Vulcan,45.3833,23.2667,59.47,95,75,2.26,RO,6/22/21 2:46
194,Coffs Harbour,-30.3,153.1333,66.47,65,15,12.66,AU,6/22/21 2:46
195,Ambulu,-8.345,113.6058,82.74,69,80,3.36,ID,6/22/21 2:46
196,Brae,60.3964,-1.353,48.11,80,3,8.61,GB,6/22/21 2:46
197,Quesnel,52.9999,-122.5029,86.5,28,1,3.44,CA,6/22/21 2:44
198,Rangapara,26.8167,92.65,85.15,79,30,4.14,IN,6/22/21 2:46
199,Bethel,41.3712,-73.414,75.49,84,84,1.01,US,6/22/21 2:46
200,Bathsheba,13.2167,-59.5167,81.21,65,40,17.27,BB,6/22/21 2:46
201,Layou,13.2,-61.2667,78.28,78,29,13.82,VC,6/22/21 2:46
202,Terra Santa,-2.1042,-56.4869,74.19,78,2,2.37,BR,6/22/21 2:46
203,Ziro,27.6333,93.8333,66.51,85,94,0.43,IN,6/22/21 2:46
204,Mokhsogollokh,61.4681,128.9203,90.03,21,53,6.6,RU,6/22/21 2:46
205,Westport,41.1415,-73.3579,77.94,89,1,1.99,US,6/22/21 2:46
206,Manavalakurichi,8.1333,77.3,82.49,78,52,16.31,IN,6/22/21 2:46
207,Inta,66.0317,60.1659,54.79,59,56,7.94,RU,6/22/21 2:46
208,Hasaki,35.7333,140.8333,83.17,74,70,9.66,JP,6/22/21 2:46
209,Ciudad Guayana,8.3533,-62.6528,77.52,92,100,4.59,VE,6/22/21 2:46
210,New Norfolk,-42.7826,147.0587,50.92,64,100,1.92,AU,6/22/21 2:46
211,Nizhniy Kuranakh,58.8353,125.4869,82.26,45,7,3.24,RU,6/22/21 2:46
212,Cabedelo,-6.9811,-34.8339,72.27,75,19,8.9,BR,6/22/21 2:46
213,Moron,-34.6534,-58.6198,53.98,91,79,3.27,AR,6/22/21 2:46
214,Yeppoon,-23.1333,150.7333,73.18,73,20,16.08,AU,6/22/21 2:46
215,Kasongo-Lunda,-6.4667,16.8167,69.17,50,91,1.34,CD,6/22/21 2:46
216,Skagen,57.7209,10.5839,60.1,83,85,7.4,DK,6/22/21 2:46
217,Jiayuguan,39.8167,98.3,78.01,25,65,10.36,CN,6/22/21 2:46
218,Avera,33.194,-82.5271,81.28,86,100,12.19,US,6/22/21 2:46
219,Amahai,-3.3333,128.9167,84.15,67,78,3.27,ID,6/22/21 2:46
220,Cantavir,45.9219,19.7627,69.06,71,38,6.93,RS,6/22/21 2:46
221,Torbay,47.6666,-52.7314,60.67,89,75,14.97,CA,6/22/21 2:46
222,Rio Grande,-32.035,-52.0986,51.94,93,48,5.88,BR,6/22/21 2:43
223,Qui Nhon,13.7667,109.2333,91.58,55,50,4.14,VN,6/22/21 2:45
224,Nikolskoye,59.7035,30.7861,75.79,78,7,4.59,RU,6/22/21 2:46
225,Maragogi,-9.0122,-35.2225,75.49,79,34,4.65,BR,6/22/21 2:46
226,Barinitas,8.7622,-70.4111,71.08,96,74,4.88,VE,6/22/21 2:46
227,Nanortalik,60.1432,-45.2371,41.56,93,100,1.95,GL,6/22/21 2:46
228,Sao Filipe,14.8961,-24.4956,72,80,17,7.2,CV,6/22/21 2:46
229,Ilulissat,69.2167,-51.1,44.62,65,0,0,GL,6/22/21 2:46
230,Coahuayana,18.7333,-103.6833,79.72,88,92,3.09,MX,6/22/21 2:46
231,Nishihara,26.1842,127.7558,80.26,89,90,16.11,JP,6/22/21 2:46
232,Coquimbo,-29.9533,-71.3436,49.73,81,0,5.75,CL,6/22/21 2:46
233,Airai,-8.9266,125.4092,75.85,50,73,1.66,TL,6/22/21 2:46
234,Port Augusta,-32.5,137.7667,64.71,44,100,20.04,AU,6/22/21 2:46
235,Bijar,35.8668,47.6051,66.7,54,0,4.47,IR,6/22/21 2:46
236,Tari,12.4086,4.4914,72.34,85,100,15.82,NG,6/22/21 2:46
237,Noumea,-22.2763,166.4572,75.18,99,96,6.58,NC,6/22/21 2:46
238,Port Hardy,50.6996,-127.4199,62.78,82,20,16.11,CA,6/22/21 2:46
239,Pilibanga,29.4916,74.079,97,33,0,7.27,IN,6/22/21 2:46
240,Bonavista,48.6499,-53.1147,55.4,93,88,7.87,CA,6/22/21 2:46
241,Cayenne,4.9333,-52.3333,79.09,87,100,0,GF,6/22/21 2:46
242,Kimbe,-5.5502,150.1429,89.02,56,92,5.82,PG,6/22/21 2:46
243,Oriximina,-1.7656,-55.8661,77.29,76,50,4.94,BR,6/22/21 2:46
244,Kiama,-34.6833,150.8667,65.25,70,12,3.29,AU,6/22/21 2:44
245,San Jose,37.3394,-121.895,73.71,61,1,1.99,US,6/22/21 2:43
246,Inuvik,68.3499,-133.7218,52.56,70,75,14.97,CA,6/22/21 2:46
247,Devonport,-41.1667,146.35,54.99,73,100,6.26,AU,6/22/21 2:46
248,Mwinilunga,-11.7358,24.4293,47.62,80,21,4.81,ZM,6/22/21 2:46
249,Luquillo,18.3725,-65.7166,82.51,83,90,9.22,PR,6/22/21 2:46
250,Alindao,5.0267,21.2088,69.1,97,60,6.55,CF,6/22/21 2:46
251,Manokwari,-0.8667,134.0833,83.59,68,66,7.83,ID,6/22/21 2:46
252,Carnarvon,-24.8667,113.6333,59.07,51,0,12.66,AU,6/22/21 2:46
253,Lasa,46.6166,10.7002,62.02,92,14,2.59,IT,6/22/21 2:46
254,Sao Joao Da Barra,-21.6403,-41.0511,65.23,86,72,9.69,BR,6/22/21 2:46
255,Geraldton,-28.7667,114.6,55.81,67,100,8.05,AU,6/22/21 2:46
256,Acari,-15.4311,-74.6158,64.83,78,90,3,PE,6/22/21 2:46
257,Koubia,11.5833,-11.9,67.75,93,99,2.01,GN,6/22/21 2:46
258,Lorengau,-2.0226,147.2712,84.92,72,24,12.91,PG,6/22/21 2:46
259,Harper,4.375,-7.7169,77,85,88,6.24,LR,6/22/21 2:46
260,Jumla,29.2747,82.1838,70.63,68,22,3.18,NP,6/22/21 2:46
261,Lake City,30.1897,-82.6393,72,87,100,4.32,US,6/22/21 2:46
262,Kashary,49.04,41.0056,68.16,60,93,8.01,RU,6/22/21 2:46
263,Ayr,55.4627,-4.6339,45.48,87,0,2.3,GB,6/22/21 2:41
264,Saint-Philippe,-21.3585,55.7679,66.22,71,89,10.49,RE,6/22/21 2:46
265,Broken Hill,-31.95,141.4333,56.91,54,100,18.41,AU,6/22/21 2:46
266,Meulaboh,4.1363,96.1285,76.87,87,100,6.87,ID,6/22/21 2:46
267,Baghdad,33.3406,44.4009,76.91,27,0,5.75,IQ,6/22/21 2:44
268,Nyurba,63.2842,118.3319,89.01,30,69,3.4,RU,6/22/21 2:46
269,Barroquinha,-3.0189,-41.1361,71.24,97,7,4.47,BR,6/22/21 2:46
270,Cidreira,-30.1811,-50.2056,58.05,92,97,2.24,BR,6/22/21 2:46
271,Kuito,-12.3833,16.9333,49.1,57,34,3.71,AO,6/22/21 2:46
272,Mbandaka,0.0487,18.2603,69.57,97,100,6.02,CD,6/22/21 2:46
273,Longyearbyen,78.2186,15.6401,39.04,87,75,9.22,SJ,6/22/21 2:46
274,Turbo,8.0937,-76.7269,76.57,91,100,6.24,CO,6/22/21 2:46
275,Kroya,-7.6331,109.2461,83.19,74,95,4.94,ID,6/22/21 2:46
276,Vanimo,-2.6741,141.3028,83.43,72,65,7.83,PG,6/22/21 2:46
277,Raudeberg,61.9875,5.1352,50.67,91,66,12.03,NO,6/22/21 2:46
278,Gupitan,7.7758,125.6406,88.72,62,89,1.95,PH,6/22/21 2:46
279,Nelson Bay,-32.7167,152.15,63.28,86,50,1.99,AU,6/22/21 2:46
280,Demba,-5.51,22.2667,65.91,55,48,3.29,CD,6/22/21 2:46
281,Haines Junction,60.7522,-137.5108,55.35,47,87,16.11,CA,6/22/21 2:44
282,La Ronge,55.1001,-105.2842,66.45,32,75,6.91,CA,6/22/21 2:46
283,Olinda,-8.0089,-34.8553,74.93,78,20,2.3,BR,6/22/21 2:46
284,Cabinda,-5.55,12.2,72.12,89,95,6.04,AO,6/22/21 2:46
285,Zhigansk,66.7697,123.3711,82.87,34,91,9.55,RU,6/22/21 2:46
286,Roebourne,-20.7833,117.1333,64.26,40,59,12.44,AU,6/22/21 2:46
287,Chapais,49.7834,-74.8492,42.58,95,100,12.33,CA,6/22/21 2:46
288,Namibe,-15.1961,12.1522,66.81,79,15,7.29,AO,6/22/21 2:46
289,Antofagasta,-23.65,-70.4,56.48,79,100,4.52,CL,6/22/21 2:42
290,Srednekolymsk,67.45,153.6833,71.42,32,90,6.93,RU,6/22/21 2:46
291,Akyab,20.15,92.9,83.14,81,100,12.55,MM,6/22/21 2:46
292,Bandipur,27.9333,84.4167,72.75,85,78,2.35,NP,6/22/21 2:46
293,Vila Franca Do Campo,37.7167,-25.4333,63.01,78,55,5.88,PT,6/22/21 2:46
294,Mogadishu,2.0371,45.3438,76.48,84,56,14.47,SO,6/22/21 2:46
295,Ahipara,-35.1667,173.1667,60.19,69,1,12.73,NZ,6/22/21 2:46
296,Belaya Gora,68.5333,146.4167,75.16,24,5,11.59,RU,6/22/21 2:46
297,Beisfjord,68.3751,17.5988,55.04,97,100,2.57,NO,6/22/21 2:46
298,Iskateley,67.6803,53.1512,51.28,73,98,10.45,RU,6/22/21 2:46
299,Yarada,17.65,83.2667,86.32,70,100,10.36,IN,6/22/21 2:46
300,Atikokan,48.7555,-91.6216,45.73,65,100,5.68,CA,6/22/21 2:46
301,Coroico,-16.1889,-67.7271,65.14,91,100,0.87,BO,6/22/21 2:46
302,Grand Gaube,-20.0064,57.6608,68.4,74,64,5.01,MU,6/22/21 2:46
303,Gornopravdinsk,60.05,69.9,55.49,46,25,5.14,RU,6/22/21 2:46
304,Shetpe,44.1667,52.1167,85.96,24,0,6.78,KZ,6/22/21 2:46
305,Thanh Hoa,19.8,105.7667,98.76,45,100,3.33,VN,6/22/21 2:46
306,Pasighat,28.0667,95.3333,79.23,96,95,2.33,IN,6/22/21 2:46
307,Ulladulla,-35.35,150.4667,64.87,54,13,5.84,AU,6/22/21 2:46
308,Karasjok,69.4719,25.5112,50.11,87,100,7.81,NO,6/22/21 2:46
309,Tessalit,20.1986,1.0114,83.73,40,6,12.73,ML,6/22/21 2:46
310,Mugur-Aksy,50.35,90.5,57.4,40,11,11.83,RU,6/22/21 2:46
311,Amqui,48.4638,-67.4313,73.89,96,100,12.17,CA,6/22/21 2:46
312,Auki,-8.7676,160.7034,86.83,61,100,2.39,SB,6/22/21 2:46
313,Sorland,67.667,12.6934,48.92,95,100,5.3,NO,6/22/21 2:46
314,Jalu,29.0331,21.5482,78.48,37,0,7.02,LY,6/22/21 2:46
315,Swan Hill,-35.3378,143.5544,58.32,48,100,11.41,AU,6/22/21 2:46
316,Kulhudhuffushi,6.6221,73.07,82.06,78,14,17.02,MV,6/22/21 2:46
317,Kruisfontein,-34.0033,24.7314,73.89,31,4,16.49,ZA,6/22/21 2:46
318,Altay,47.8667,88.1167,67.55,34,92,5.79,CN,6/22/21 2:46
319,Tamboril,19.4854,-70.611,77.88,100,75,4.61,DO,6/22/21 2:46
320,Djambala,-2.5447,14.7533,70.21,74,91,3.4,CG,6/22/21 2:46
321,Parelhas,-6.6878,-36.6575,70.12,85,9,17.16,BR,6/22/21 2:46
322,Palmer,42.1584,-72.3287,77.45,78,90,3,US,6/22/21 2:46
323,Jablonec,48.3333,17.45,69.42,92,3,5.68,SK,6/22/21 2:46
324,Sabya,17.1495,42.6254,89.22,78,71,2.68,SA,6/22/21 2:46
325,Tagbac,7.089,125.1567,82.72,74,51,2.37,PH,6/22/21 2:46
326,Muncar,-8.4333,114.3333,83.3,68,93,3.83,ID,6/22/21 2:46
327,Caborca,30.5838,-111.101,87.49,25,7,3.91,MX,6/22/21 2:46
328,Havre-Saint-Pierre,50.2334,-63.5986,64.76,72,90,11.5,CA,6/22/21 2:46
329,Naze,28.3667,129.4833,74.32,76,100,18.52,JP,6/22/21 2:46
330,Okhotsk,59.3833,143.3,46.22,89,100,7.36,RU,6/22/21 2:46
331,Katsuura,35.1333,140.3,83.23,75,99,11.39,JP,6/22/21 2:46
332,Esperance,-33.8667,121.9,49.84,63,97,27.92,AU,6/22/21 2:46
333,Ladario,-19.0047,-57.6017,69.94,67,100,1.77,BR,6/22/21 2:46
334,Kathu,7.9178,98.3332,86.63,73,93,17.92,TH,6/22/21 2:46
335,Itacarambi,-15.1022,-44.0919,68.41,45,1,4.36,BR,6/22/21 2:46
336,Faro,37.0194,-7.9322,58.78,94,0,8.05,PT,6/22/21 2:46
337,Outlook,51.5001,-107.0513,75.76,45,98,3.09,CA,6/22/21 2:46
338,Rush,53.5223,-6.0931,48.87,80,75,8.05,IE,6/22/21 2:46
339,Christchurch,-43.5333,172.6333,50.02,92,75,3,NZ,6/22/21 2:46
340,Puerto Colombia,10.9878,-74.9547,82.49,82,88,10.94,CO,6/22/21 2:46
341,Jaisinghnagar,23.7,81.3833,86.7,59,100,11.27,IN,6/22/21 2:46
342,Berdigestyakh,62.0989,126.6992,90.88,24,18,3.85,RU,6/22/21 2:46
343,Kudahuvadhoo,2.6708,72.8944,83.1,74,73,13.2,MV,6/22/21 2:46
344,Ancud,-41.8697,-73.8203,46.22,91,100,4.52,CL,6/22/21 2:46
345,Kholtoson,50.2981,103.3097,56.28,99,100,3.27,RU,6/22/21 2:46
346,Emporia,38.4039,-96.1817,71.8,40,1,4.61,US,6/22/21 2:46
347,Odessa,46.4775,30.7326,71.53,94,75,8.95,UA,6/22/21 2:46
348,Saint-Augustin,51.226,-58.6502,51.91,95,100,6.71,CA,6/22/21 2:46
349,Payo,-3.7508,103.6372,84.24,59,100,1.03,ID,6/22/21 2:46
350,Port-Cartier,50.0334,-66.8654,59.22,99,100,7.2,CA,6/22/21 2:46
351,Dayong,25.0209,118.2898,80.28,95,100,2.91,CN,6/22/21 2:46
352,Carballo,43.213,-8.691,59.54,96,96,7.72,ES,6/22/21 2:46
353,Juazeiro,-9.4117,-40.4986,72.5,81,7,14.54,BR,6/22/21 2:46
354,Roanoke Rapids,36.4615,-77.6542,84.34,94,1,6.91,US,6/22/21 2:45
355,Fare,-16.7,-151.0167,79.75,70,0,5.77,PF,6/22/21 2:46
356,Gao,16.6362,1.637,81.97,43,47,5.59,ML,6/22/21 2:46
357,Caravelas,-17.7125,-39.2481,70.56,87,3,3.69,BR,6/22/21 2:46
358,Praya,14.9215,-23.5087,72.14,78,20,9.22,CV,6/22/21 2:46
359,Ugoofaaru,5.6667,73,82.31,78,70,15.17,MV,6/22/21 2:46
360,Cockburn Town,21.4612,-71.1419,81,85,100,21.59,TC,6/22/21 2:46
361,Najran,17.4924,44.1277,77.65,12,19,3.29,SA,6/22/21 2:46
362,Taltal,-25.4,-70.4833,59.43,71,61,0.69,CL,6/22/21 2:46
363,Batagay,67.6333,134.6333,78.33,21,1,6.69,RU,6/22/21 2:46
364,Larsnes,62.2028,5.5773,50.86,91,76,6.13,NO,6/22/21 2:46
365,Berezovyy,51.6667,135.7,83.64,34,99,4.36,RU,6/22/21 2:46
366,Marsh Harbour,26.5412,-77.0636,81.3,82,97,14.03,BS,6/22/21 2:46
367,Deputatskiy,69.3,139.9,67.86,30,3,19.51,RU,6/22/21 2:46
368,Ocampo,21.65,-101.5,66.78,60,100,6.93,MX,6/22/21 2:46
369,Olga,43.7444,135.2892,67.8,46,6,6.15,RU,6/22/21 2:46
370,Afsin,38.2477,36.914,60.1,67,0,0.85,TR,6/22/21 2:46
371,Popondetta,-8.7537,148.2534,88.14,54,21,5.01,PG,6/22/21 2:46
372,Barranca,-10.75,-77.7667,64.69,80,99,4.99,PE,6/22/21 2:46
373,Puerto Escondido,15.85,-97.0667,82.76,80,100,2.55,MX,6/22/21 2:46
374,Biltine,14.5333,20.9167,87.31,23,91,8.23,TD,6/22/21 2:46
375,Ponazyrevo,58.3578,46.3142,71.51,76,83,3.96,RU,6/22/21 2:46
376,Hirara,24.8,125.2833,84.47,84,75,3.44,JP,6/22/21 2:46
377,Skjervoy,70.0311,20.9714,49.3,93,94,6.02,NO,6/22/21 2:46
378,Hovd,48.0056,91.6419,70.3,16,14,2.68,MN,6/22/21 2:46
379,Vitrolles,43.46,5.2486,71.47,73,75,8.05,FR,6/22/21 2:46
380,Cabo San Lucas,22.8909,-109.9124,87.1,77,12,15.01,MX,6/22/21 2:42
381,Vilhena,-12.7406,-60.1458,69.22,74,21,2.44,BR,6/22/21 2:46
382,Zaozerne,45.1582,33.2787,68.72,88,13,3.56,UA,6/22/21 2:46
383,Sao Miguel Do Araguaia,-13.275,-50.1628,74.46,46,1,3.38,BR,6/22/21 2:44
384,Dodoma,-6.1722,35.7395,57.38,92,3,5.08,TZ,6/22/21 2:46
385,Husavik,66.0449,-17.3389,49.91,82,100,11.54,IS,6/22/21 2:46
386,Kaseda,31.4167,130.3167,81.63,70,75,3.24,JP,6/22/21 2:46
387,Codrington,-38.2667,141.9667,56.1,66,100,13.89,AU,6/22/21 2:46
388,Poum,-20.2333,164.0167,72.66,71,1,16.4,NC,6/22/21 2:46
389,Broome,42.2506,-75.833,71.2,94,90,5.75,US,6/22/21 2:46
390,Sept-Iles,50.2001,-66.3821,59.52,96,90,5.01,CA,6/22/21 2:46
391,Igrim,63.1906,64.4162,58.05,46,49,2.66,RU,6/22/21 2:46
392,Mahibadhoo,3.7833,72.9667,83.03,74,60,14.76,MV,6/22/21 2:46
393,Arkhangelskoye,55.8549,35.3287,67.24,89,19,4.34,RU,6/22/21 2:46
394,Nuuk,64.1835,-51.7216,52.41,58,67,13.8,GL,6/22/21 2:41
395,Jega,12.2175,4.3792,71.2,91,100,9.17,NG,6/22/21 2:46
396,Birjand,32.8663,59.2211,64.87,12,0,9.22,IR,6/22/21 2:46
397,Opuwo,-18.0607,13.84,55.38,46,2,8.23,NA,6/22/21 2:46
398,Macas,-2.3167,-78.1167,62.42,96,26,3.76,EC,6/22/21 2:46
399,Maceio,-9.6658,-35.7353,71.04,94,0,4.61,BR,6/22/21 2:46
400,Vestmanna,62.1564,-7.1664,45.52,93,75,10.36,FO,6/22/21 2:46
401,Mehamn,71.0357,27.8492,49.12,94,100,9.64,NO,6/22/21 2:46
402,Osinki,52.8432,49.5132,75.38,66,2,2.15,RU,6/22/21 2:46
403,Touba,8.2833,-7.6833,68.49,97,78,4.76,CI,6/22/21 2:46
404,Dickinson,29.4608,-95.0513,84.94,87,75,0,US,6/22/21 2:46
405,Praia Da Vitoria,38.7333,-27.0667,68.25,83,40,5.28,PT,6/22/21 2:46
406,Kota Belud,6.351,116.4305,85.86,57,99,5.14,MY,6/22/21 2:46
407,Tomatlan,19.9333,-105.25,79.11,81,95,3.98,MX,6/22/21 2:46
408,Camopi,3.1655,-52.3158,70.2,99,18,1.19,GF,6/22/21 2:46
409,Tongliao,43.6125,122.2653,77.79,33,7,13.06,CN,6/22/21 2:46
410,Kifri,34.6959,44.9661,91.53,12,0,9.6,IQ,6/22/21 2:46
411,Teguldet,57.3064,88.1667,61.14,61,100,2.66,RU,6/22/21 2:46
412,Carlsbad,33.1581,-117.3506,75.31,83,90,4,US,6/22/21 2:46
413,Ormara,25.2088,64.6357,84.24,69,99,4.68,PK,6/22/21 2:46
414,Las Cruces,32.3123,-106.7783,90.37,29,1,3,US,6/22/21 2:46
415,Perth,-31.9333,115.8333,59.27,78,0,4.61,AU,6/22/21 2:43
416,Fairbanks,64.8378,-147.7164,68.02,74,75,8.05,US,6/22/21 2:45
417,Kodar,16.9833,79.9667,91.89,43,96,14.67,IN,6/22/21 2:47
418,Ndele,8.4109,20.6473,71.08,76,81,4.03,CF,6/22/21 2:47
419,Cervo,43.6702,-7.4101,60.19,89,98,13.87,ES,6/22/21 2:47
420,Winslow,35.0242,-110.6974,93.38,6,1,19.57,US,6/22/21 2:47
421,Xuddur,4.1213,43.8894,67.21,89,8,14.05,SO,6/22/21 2:47
422,Am Timan,11.0297,20.2827,80.82,57,99,5.59,TD,6/22/21 2:47
423,Tuatapere,-46.1333,167.6833,48.81,69,67,6.31,NZ,6/22/21 2:47
424,Osoyoos,49.0331,-119.4524,92.79,29,1,5.75,CA,6/22/21 2:47
425,Shabo,46.1326,30.386,72.05,89,91,11.56,UA,6/22/21 2:47
426,Dolores,-36.3132,-57.6792,47.46,82,77,5.12,AR,6/22/21 2:47
427,Hokitika,-42.7167,170.9667,54.45,54,0,2.08,NZ,6/22/21 2:47
428,Nivala,63.9167,24.9667,60.69,92,81,2.93,FI,6/22/21 2:47
429,Kargil,34.5667,76.1,50.67,42,16,3.78,IN,6/22/21 2:47
430,Agadir,30.4202,-9.5982,63.05,90,3,4.25,MA,6/22/21 2:47
431,Bada,51.392,109.8717,79.93,36,5,3.13,RU,6/22/21 2:47
432,Russell,32.3502,-85.1999,74.98,85,75,4.61,US,6/22/21 2:45
433,Nouadhibou,20.931,-17.0347,67.98,83,9,14.97,MR,6/22/21 2:47
434,Mnogovershinnyy,53.9353,139.9242,70.92,46,100,1.77,RU,6/22/21 2:47
435,Darhan,49.4867,105.9228,77.16,41,31,6.78,MN,6/22/21 2:47
436,Luanda,-8.8368,13.2343,75.2,78,75,0,AO,6/22/21 2:42
437,Gazanjyk,39.2446,55.5154,83.48,13,0,13.8,TM,6/22/21 2:47
438,Anadyr,64.75,177.4833,57.7,58,0,8.95,RU,6/22/21 2:47
439,Amurzet,47.6967,131.0981,77.4,47,10,4.43,RU,6/22/21 2:47
440,Ahuimanu,21.4447,-157.8378,87.51,58,40,8.05,US,6/22/21 2:47
441,Lompoc,34.6391,-120.4579,70.79,80,1,10.36,US,6/22/21 2:46
442,Gostinu,44,26.1167,68,91,3,0.2,RO,6/22/21 2:47
443,Tawang,27.5833,91.8667,66.25,71,35,5.44,IN,6/22/21 2:47
444,Homer,59.6425,-151.5483,63.09,78,40,12.66,US,6/22/21 2:47
445,Bubaque,11.2833,-15.8333,79.16,77,100,4.09,GW,6/22/21 2:47
446,Necochea,-38.5473,-58.7368,42.04,89,37,10.36,AR,6/22/21 2:47
447,Komsomolskiy,40.4272,71.7189,79.95,17,0,2.3,UZ,6/22/21 2:47
448,Waitati,-45.75,170.5667,48.79,56,61,9.35,NZ,6/22/21 2:47
449,Bilma,18.6853,12.9164,86.02,10,23,5.35,NE,6/22/21 2:47
450,Itarema,-2.9248,-39.9167,76.84,80,20,11.74,BR,6/22/21 2:47
451,Tura,25.5198,90.2201,79.57,88,44,6.29,IN,6/22/21 2:47
452,Bilibino,68.0546,166.4372,68.4,37,99,12.66,RU,6/22/21 2:47
453,Sibolga,1.7427,98.7792,73.53,95,100,1.21,ID,6/22/21 2:47
454,Thaba-Tseka,-29.522,28.6084,32.95,60,8,4.68,LS,6/22/21 2:47
455,Akureyri,65.6835,-18.0878,49.93,66,75,16.11,IS,6/22/21 2:47
456,Mundo Nuevo,18.7,-95.5,82.35,69,78,7.78,MX,6/22/21 2:47
457,Sheltozero,61.3667,35.3667,68.67,74,5,8.75,RU,6/22/21 2:47
458,Ambilobe,-13.2,49.05,65.71,78,53,5.35,MG,6/22/21 2:47
459,Podyuga,61.095,40.8647,73.36,63,44,3.83,RU,6/22/21 2:47
460,Russellville,35.2784,-93.1338,69.84,89,1,0,US,6/22/21 2:42
461,Akdepe,42.0551,59.3788,78.8,15,0,16.55,TM,6/22/21 2:47
462,Chokurdakh,70.6333,147.9167,74.98,25,1,12.17,RU,6/22/21 2:47
463,Labuhan,-6.8844,112.2051,82.71,70,100,6.02,ID,6/22/21 2:47
464,Hamilton,39.1834,-84.5333,67.12,91,90,6.91,US,6/22/21 2:46
465,Herouville-Saint-Clair,49.2109,-0.3065,59.56,100,90,11.5,FR,6/22/21 2:47
466,Petropavlovsk-Kamchatskiy,53.0452,158.6483,64.99,42,75,8.95,RU,6/22/21 2:42
467,Kyakhta,50.3508,106.4494,69.89,59,68,10.29,RU,6/22/21 2:47
468,Hauterive,46.0901,3.4459,59.76,95,88,2.51,FR,6/22/21 2:47
469,Lalibela,12.0333,39.0333,59.49,47,53,3.18,ET,6/22/21 2:47
470,Keti Bandar,24.1447,67.4497,83.7,72,100,12.57,PK,6/22/21 2:47
471,Grand-Santi,4.25,-54.3833,71.33,99,100,2.44,GF,6/22/21 2:47
472,Mount Pleasant,32.7941,-79.8626,84.2,75,1,7,US,6/22/21 2:42
473,Flin Flon,54.7682,-101.865,51.17,56,47,5.41,CA,6/22/21 2:46
474,Uige,-7.6087,15.0613,59.2,86,87,2.8,AO,6/22/21 2:47
475,Zhanaozen,43.3,52.8,86.2,15,0,4.88,KZ,6/22/21 2:47
476,Mbarara,-0.608,30.65,60.24,79,33,2.28,UG,6/22/21 2:47
477,Sinegorskiy,48.0139,40.8447,67.87,56,1,8.3,RU,6/22/21 2:47
478,Mafeteng,-29.823,27.2374,38.77,54,1,4.68,LS,6/22/21 2:47
479,Kargasok,59.0556,80.8572,54.3,57,100,9.37,RU,6/22/21 2:47
480,Abilene,32.4487,-99.7331,70.5,73,75,1.99,US,6/22/21 2:47
481,Marovoay,-16.1,46.6333,66.34,61,2,9.8,MG,6/22/21 2:47
482,Northam,51.0333,-4.2167,55.62,78,99,13.02,GB,6/22/21 2:47
483,Batemans Bay,-35.7167,150.1833,65.1,51,17,5.66,AU,6/22/21 2:47
484,Port Blair,11.6667,92.75,85.26,72,87,17.36,IN,6/22/21 2:47
485,Bantogon,6.5333,124.0333,82.9,66,90,4.68,PH,6/22/21 2:47
486,Lodja,-3.4833,23.4333,70.9,53,99,1.88,CD,6/22/21 2:47
487,Ajdabiya,30.7554,20.2263,78.37,38,0,6.15,LY,6/22/21 2:47
488,Arawa,-6.2132,155.5367,87.31,64,8,5.14,PG,6/22/21 2:47
489,San Andres,12.5847,-81.7006,82.42,78,90,6.91,CO,6/22/21 2:47
490,Nordby,55.446,8.3979,55.42,84,75,5.99,DK,6/22/21 2:47
491,Port Lincoln,-34.7333,135.8667,56.88,57,100,24.38,AU,6/22/21 2:47
492,Samana,19.2056,-69.3369,78.15,89,96,8.23,DO,6/22/21 2:47
493,Ixtapa,20.7,-105.2,81.23,81,100,3,MX,6/22/21 2:47
494,Nemuro,43.3236,145.575,72.03,76,1,6.17,JP,6/22/21 2:47
495,Zlitan,32.4674,14.5687,82.63,34,4,14.16,LY,6/22/21 2:47
496,Pangnirtung,66.1451,-65.7125,44.33,68,42,5.48,CA,6/22/21 2:47
497,Almaznyy,48.0448,40.045,66.34,60,7,9.17,RU,6/22/21 2:47
498,Anyang,36.0994,114.3289,91.4,25,8,9.66,CN,6/22/21 2:47
499,Skibbereen,51.55,-9.2667,48,85,82,7.94,IE,6/22/21 2:47
500,Ulaangom,49.9811,92.0667,66.09,33,76,6.78,MN,6/22/21 2:47
501,Cam Ranh,11.9214,109.1591,91.36,49,0,4.61,VN,6/22/21 2:47
502,Ipameri,-17.7219,-48.1597,64.58,53,2,2.71,BR,6/22/21 2:47
503,Mirnyy,62.5353,113.9611,82.89,30,51,5.79,RU,6/22/21 2:47
504,Litovko,49.2361,135.1742,78.19,44,59,8.68,RU,6/22/21 2:47
505,Bell Ville,-32.6259,-62.6887,44.67,93,0,7.16,AR,6/22/21 2:47
506,Oltu,40.5498,42.0013,67.35,52,0,3.83,TR,6/22/21 2:47
507,Santa Isabel,-23.3156,-46.2214,62.65,96,99,1.05,BR,6/22/21 2:47
508,Tondano,1.3038,124.9112,82.49,65,60,1.16,ID,6/22/21 2:47
509,Taber,49.8167,-112.1518,80.71,34,100,2.3,CA,6/22/21 2:47
510,Dunning,56.312,-3.5861,46.22,86,3,1.66,GB,6/22/21 2:47
511,Khandagayty,50.7333,92.05,64.08,34,45,7.18,RU,6/22/21 2:47
512,Nelspruit,-25.4745,30.9703,53.89,76,0,5.75,ZA,6/22/21 2:47
513,Waipawa,-41.4122,175.5153,49.46,84,94,14.74,NZ,6/22/21 2:47
514,Mobaye,4.319,21.1786,69.84,97,100,4.34,CF,6/22/21 2:47
515,Bara,10.3744,10.7288,74.59,85,100,5.73,NG,6/22/21 2:47
516,Mareeba,-17,145.4333,77.43,60,2,8.28,AU,6/22/21 2:47
517,Krasnoselkup,65.7,82.4667,48.96,50,99,20.13,RU,6/22/21 2:47
518,Denison,33.7557,-96.5367,70.72,86,90,1.99,US,6/22/21 2:45
519,Makubetsu,45.3714,141.8211,58.71,77,75,9.22,JP,6/22/21 2:47
520,Ballina,-28.8667,153.5667,68.18,69,48,14.97,AU,6/22/21 2:47
521,Mapiri,-15.25,-68.1667,68.04,89,89,1.03,BO,6/22/21 2:47
522,Kilimatinde,-5.85,34.95,57.72,81,44,1.95,TZ,6/22/21 2:47
523,Shunyi,40.125,116.6453,89.83,35,0,4.47,CN,6/22/21 2:47
524,Antalaha,-14.9003,50.2788,67.96,83,93,10,MG,6/22/21 2:47
525,Larap,14.299,122.6504,91.65,52,96,7.92,PH,6/22/21 2:47
526,Winsum,53.33,6.5208,53.22,90,63,9.93,NL,6/22/21 2:47
527,Urengoy,65.9667,78.3667,51.78,46,37,14.72,RU,6/22/21 2:47
528,Guanare,9.0418,-69.7421,75.22,100,38,2.3,VE,6/22/21 2:47
529,Luyang,27.6239,110.0989,83.7,52,75,2.04,CN,6/22/21 2:47
530,Fredericton,45.9454,-66.6656,65.44,94,90,3,CA,6/22/21 2:44
531,Buraydah,26.326,43.975,82.85,12,0,6.67,SA,6/22/21 2:47
532,Padang,-0.9492,100.3543,80.65,70,98,5.01,ID,6/22/21 2:47
533,Zharkent,44.1628,80,64.18,67,100,17.27,KZ,6/22/21 2:47
534,Seymchan,62.8833,152.4333,60.91,53,98,10.22,RU,6/22/21 2:47
535,Egvekinot,66.3167,-179.1667,52.95,44,96,13.04,RU,6/22/21 2:47
536,Wichita Falls,33.9137,-98.4934,69.06,66,90,8.05,US,6/22/21 2:46
537,Rosetta,31.4044,30.4164,73.22,72,0,3.49,EG,6/22/21 2:47
538,Kabinda,-6.1333,24.4833,64.27,52,44,4.36,CD,6/22/21 2:47
539,General Roca,-39.0333,-67.5833,43.2,52,94,5.12,AR,6/22/21 2:47
540,Nome,64.5011,-165.4064,68.16,72,1,4.61,US,6/22/21 2:47
541,Blyth,55.1271,-1.5086,46.47,92,20,2.3,GB,6/22/21 2:47
542,Kvitok,56.0724,98.4813,62.85,45,96,4.65,RU,6/22/21 2:47
543,Roseburg,43.2165,-123.3417,91.89,31,1,11.5,US,6/22/21 2:46
544,Chickasha,35.0526,-97.9364,70.29,82,1,3.44,US,6/22/21 2:47
545,Timmins,48.4669,-81.3331,39.02,100,75,3.44,CA,6/22/21 2:47
546,Kachug,53.9606,105.8817,66.34,79,97,2.86,RU,6/22/21 2:47
547,Hay River,60.8156,-115.7999,58.98,55,75,8.05,CA,6/22/21 2:45
548,Prince George,53.9166,-122.753,81.84,28,1,12.66,CA,6/22/21 2:45
549,Antakya,36.2066,36.1572,71.42,85,22,4.7,TR,6/22/21 2:47
550,Ostrovnoy,68.0531,39.5131,52.81,88,77,14.56,RU,6/22/21 2:47
551,Romny,50.751,33.4747,63.21,81,1,8.03,UA,6/22/21 2:47
552,Lao Cai,22.4833,103.95,92.46,57,100,2.01,VN,6/22/21 2:47
553,Shitanjing,39.2342,106.3439,81.97,20,97,8.34,CN,6/22/21 2:47
554,Ponta Delgada,37.7333,-25.6667,63.32,67,75,6.91,PT,6/22/21 2:47
555,Maraa,-1.8333,-65.3667,72.7,95,44,1.63,BR,6/22/21 2:47
556,Shizunai,42.3339,142.3669,61.52,78,9,8.19,JP,6/22/21 2:47
557,Kizner,56.2749,51.508,74.08,70,24,5.28,RU,6/22/21 2:47
558,Velika Plana,44.3339,21.0768,65.46,88,66,6.67,RS,6/22/21 2:47
559,Lively,46.4334,-81.1498,50.81,81,76,7.83,CA,6/22/21 2:47
560,Matamoros,25.5333,-103.25,98.71,22,40,5.75,MX,6/22/21 2:47
561,Tulum,20.2167,-87.4667,82.98,89,44,8.88,MX,6/22/21 2:47
562,Stillwater,36.1156,-97.0584,71.87,74,1,4.61,US,6/22/21 2:47
563,Aksay,47.26,39.87,68.22,52,36,9.01,RU,6/22/21 2:47
564,Ilheus,-14.7889,-39.0494,70.9,93,27,2.93,BR,6/22/21 2:47
565,Kourou,5.1552,-52.6478,79.11,90,100,5.46,GF,6/22/21 2:47
566,Vincennes,48.85,2.4333,62.55,92,90,6.91,FR,6/22/21 2:47
567,Yilan,24.757,121.753,89.06,86,100,3.98,TW,6/22/21 2:47
568,Acapulco,16.8634,-99.8901,84.02,79,75,4.61,MX,6/22/21 2:43
569,Irtyshskiy,58.3333,68.1333,57.81,56,78,2.68,RU,6/22/21 2:47
570,Maniitsoq,65.4167,-52.9,45.5,63,60,9.64,GL,6/22/21 2:47
571,Port Hawkesbury,45.6169,-61.3485,68.92,82,1,6.91,CA,6/22/21 2:47
572,Matara,5.9485,80.5353,82.49,76,46,12.82,LK,6/22/21 2:47
573,Acarau,-2.8856,-40.12,76.84,80,13,12.12,BR,6/22/21 2:47
574,Sibiti,-3.6819,13.3499,64.87,99,100,2.42,CG,6/22/21 2:47
575,Ende,-8.8432,121.6623,85.55,63,100,2.8,ID,6/22/21 2:47
576,Guarapari,-20.6667,-40.4975,71.49,78,86,10.4,BR,6/22/21 2:47
577,Amnat Charoen,15.9167,104.75,88.7,58,98,10.13,TH,6/22/21 2:47
578,Gillette,44.2911,-105.5022,74.32,27,1,6.91,US,6/22/21 2:47
579,Mayumba,-3.432,10.6554,73.47,87,98,6.98,GA,6/22/21 2:47
580,Lixourion,38.2019,20.4314,77.63,62,37,3.42,GR,6/22/21 2:47
581,Saint-Francois,46.4154,3.9054,59.47,96,62,3.44,FR,6/22/21 2:47
582,Laguna,38.421,-121.4238,89.44,46,1,5.01,US,6/22/21 2:47
583,Kalispell,48.1958,-114.3129,78.84,41,1,4.61,US,6/22/21 2:43
584,Gat,31.61,34.7642,74.39,77,0,3.13,IL,6/22/21 2:47
585,Yanam,16.7333,82.2167,88.2,69,100,5.14,IN,6/22/21 2:47
586,Charagua,-19.8,-63.2167,56.91,72,100,3.36,BO,6/22/21 2:47
587,Khandyga,62.6667,135.6,83.5,28,13,7.76,RU,6/22/21 2:47
588,Narsaq,60.9167,-46.05,46.62,69,100,1.86,GL,6/22/21 2:46
589,Boende,-0.2167,20.8667,70.72,95,100,1.25,CD,6/22/21 2:47
590,Pochutla,15.7432,-96.4661,79.83,86,99,1.12,MX,6/22/21 2:47
591,Luwuk,-0.9516,122.7875,85.66,68,74,3.22,ID,6/22/21 2:47
592,Mucurapo,10.6667,-61.5333,79.12,75,78,8.21,TT,6/22/21 2:47
593,Termoli,41.9888,14.9895,75.27,55,29,3,IT,6/22/21 2:47
594,Yerbogachen,61.2767,108.0108,76.66,47,6,6.42,RU,6/22/21 2:47
595,Puerto Maldonado,-12.6,-69.1833,74.43,70,79,1.59,PE,6/22/21 2:47
596,Wairoa,-39.0333,177.3667,53.6,77,100,11.99,NZ,6/22/21 2:47
597,San Patricio,28.017,-97.5169,85.98,84,34,11.95,US,6/22/21 2:47
598,Nova Olinda Do Norte,-3.8881,-59.0942,75.09,88,60,1.68,BR,6/22/21 2:47
599,Kontagora,10.3999,5.4695,71.71,96,84,2.53,NG,6/22/21 2:47
600,Salinas,36.6777,-121.6555,69.62,71,1,5.44,US,6/22/21 2:47
601,Yelan,50.949,43.7378,71.08,78,15,7.96,RU,6/22/21 2:47
602,Samarai,-10.6167,150.6667,79.41,85,62,15.08,PG,6/22/21 2:47
603,Pekan,3.4836,103.3996,84.31,62,100,6.29,MY,6/22/21 2:47
604,Zhuanghe,39.7008,122.9911,76.64,50,48,4.27,CN,6/22/21 2:47
605,Miquelon,47.0975,-56.3814,52.36,94,97,7.02,PM,6/22/21 2:47
606,Elliot Lake,46.3834,-82.6331,48.29,86,15,2.48,CA,6/22/21 2:47
607,Innisfail,-17.5333,146.0333,76.87,68,99,7.65,AU,6/22/21 2:43
608,Jian,27.1172,114.9793,81.63,64,77,3.96,CN,6/22/21 2:47
609,Maunabo,18.0072,-65.8993,82.42,91,100,13.91,PR,6/22/21 2:47
610,Tazovskiy,67.4667,78.7,46.4,53,29,14.2,RU,6/22/21 2:47
611,Abu Dhabi,24.4667,54.3667,87.82,74,0,4.61,AE,6/22/21 2:47
612,Sao Gabriel Da Cachoeira,-0.1303,-67.0892,70.66,99,30,0.76,BR,6/22/21 2:47
613,Chicama,-7.8447,-79.1469,65.46,85,76,5.35,PE,6/22/21 2:47
614,Kamennomostskoye,43.7372,43.0514,58.08,70,0,3.69,RU,6/22/21 2:47
615,Machilipatnam,16.1667,81.1333,86.2,48,100,13.69,IN,6/22/21 2:47
616,Ariquemes,-9.9133,-63.0408,73.74,81,55,1.83,BR,6/22/21 2:47
617,Tual,-5.6667,132.75,81.45,75,36,10.94,ID,6/22/21 2:47
618,Talara,-4.5772,-81.2719,67.41,88,39,10.98,PE,6/22/21 2:47
619,Betare Oya,5.6,14.0833,65.14,99,100,2.28,CM,6/22/21 2:47
620,Manta,-0.95,-80.7333,73.18,88,40,10.36,EC,6/22/21 2:47
621,Lata,40.1629,-8.3327,59.81,97,72,2.55,PT,6/22/21 2:47
622,Ishinomaki,38.4167,141.3,69.8,87,100,7.67,JP,6/22/21 2:47
623,Paamiut,61.994,-49.6678,41.95,84,15,2.93,GL,6/22/21 2:47
624,Chippewa Falls,44.9369,-91.3929,57.38,58,20,3.44,US,6/22/21 2:45
625,Colleferro,41.7262,13.0036,74.39,54,5,4.45,IT,6/22/21 2:47
626,Chegdomyn,51.1167,133.0167,81.45,37,44,6.08,RU,6/22/21 2:47
627,Macae,-22.3708,-41.7869,60.55,100,0,2.3,BR,6/22/21 2:47
628,Simdega,22.6167,84.5167,83.07,67,99,4.45,IN,6/22/21 2:47
629,Hoquiam,46.9809,-123.8893,80.42,58,1,16.11,US,6/22/21 2:47
630,Wloszczowa,50.8526,19.9659,70.66,92,75,1.95,PL,6/22/21 2:47
631,Saint Anthony,45.0205,-93.218,60.58,54,1,4.61,US,6/22/21 2:47
632,Glasgow,55.8652,-4.2576,46.45,86,8,1.14,GB,6/22/21 2:43
633,Ust-Tsilma,65.441,52.1498,53.67,80,87,3.69,RU,6/22/21 2:47
634,Matay,28.419,30.7792,77.95,46,0,8.21,EG,6/22/21 2:47
635,Igarka,67.4667,86.5833,40.8,83,100,17.81,RU,6/22/21 2:47
636,Porto Novo,6.4965,2.6036,75.02,97,100,4.81,BJ,6/22/21 2:43
637,Sirnak,37.5228,42.4594,69.76,21,0,5.7,TR,6/22/21 2:47
638,Ukhta,63.5671,53.6835,57.76,72,16,3.71,RU,6/22/21 2:47
639,Maymyo,22.0333,96.4667,76.37,76,99,4,MM,6/22/21 2:47
640,Matiri,-10.75,34.9,52.65,89,26,4.25,TZ,6/22/21 2:47
641,Tiarei,-17.5333,-149.3333,82.42,75,10,4.14,PF,6/22/21 2:47
642,Riosucio,5.4216,-75.7032,64.83,98,95,1.41,CO,6/22/21 2:47
643,Mae Sai,20.4335,99.8762,87.44,61,59,2.33,TH,6/22/21 2:47
644,Puerto Baquerizo Moreno,-0.9,-89.6,73.98,81,89,10.07,EC,6/22/21 2:47
645,San Diego De La Union,21.4667,-100.8667,65.89,72,100,6.91,MX,6/22/21 2:46
646,Havoysund,70.9963,24.6622,50.88,91,96,11.18,NO,6/22/21 2:47
647,Vestmannaeyjar,63.4427,-20.2734,48.25,94,100,12.44,IS,6/22/21 2:47
648,Mayo,38.8876,-76.5119,79.12,89,40,1.01,US,6/22/21 2:47
649,Adeje,28.1227,-16.726,67.93,70,75,3,ES,6/22/21 2:47
650,Taoudenni,22.6783,-3.9836,94.95,12,0,15.7,ML,6/22/21 2:47
651,Mwingi,-0.9344,38.0601,63.7,80,96,7.49,KE,6/22/21 2:47
652,Frederico Westphalen,-27.3592,-53.3944,59.63,98,100,0.83,BR,6/22/21 2:48
653,Douentza,14.9951,-2.9517,82.99,56,100,10.54,ML,6/22/21 2:48
654,Jiangyou,31.7667,104.7167,84.42,50,100,4.74,CN,6/22/21 2:48
655,Richards Bay,-28.783,32.0377,58.55,82,0,9.64,ZA,6/22/21 2:48
656,Padilla,3.2204,-76.3139,69.37,90,96,4.41,CO,6/22/21 2:48
657,Teya,60.3778,92.6267,52.99,80,71,5.19,RU,6/22/21 2:48
658,Natal,-5.795,-35.2094,75.42,88,20,5.75,BR,6/22/21 2:46
659,Barcelos,41.5388,-8.6151,59.29,95,7,4.79,PT,6/22/21 2:48
660,Sisimiut,66.9395,-53.6735,50.77,53,100,8.84,GL,6/22/21 2:48
661,Tashtyp,52.7939,89.8983,61.05,65,94,1.45,RU,6/22/21 2:48
662,Trelew,-43.249,-65.3051,48.72,64,76,10,AR,6/22/21 2:48
663,Leh,34.1667,77.5833,50.92,57,57,4.07,IN,6/22/21 2:48
664,Aquiraz,-3.9014,-38.3911,81.18,85,30,10.47,BR,6/22/21 2:48
665,Hudson Bay,52.85,-102.3842,52.72,80,50,5.57,CA,6/22/21 2:48
666,Arman,59.7,150.1667,54.66,62,100,7.02,RU,6/22/21 2:48
667,At-Bashi,41.1702,75.8106,58.46,43,0,5.03,KG,6/22/21 2:48
668,Sawakin,19.1059,37.3321,88,34,32,4.32,SD,6/22/21 2:48
669,Bardiyah,31.7561,25.0865,73.08,82,0,6.82,LY,6/22/21 2:48
670,Sabha,27.0377,14.4283,83.25,22,0,9.24,LY,6/22/21 2:48
671,Saint Paul,44.9444,-93.0933,61.05,51,1,9.22,US,6/22/21 2:47
672,Kamaishi,39.2667,141.8833,70.75,94,99,4.25,JP,6/22/21 2:48