City_ID,City,Country,Date,Lat,Lng,Max Temp,Humidity,Cloudiness,Wind Speed,Current Description,Rain inches (last 3 hours),Snow inches (last 3 hours)
0,Bambous Virieux,MU,2021-06-22 03:37:43,-20.3428,57.7575,66.45,88,75,3.44,broken clouds,0,0
1,Port Elizabeth,ZA,2021-06-22 03:37:43,-33.918,25.5701,71.89,28,0,9.22,clear sky,0,0
2,Steamboat Springs,US,2021-06-22 03:39:55,40.485,-106.8317,71.19,45,1,6.91,clear sky,0,0
3,New Norfolk,AU,2021-06-22 03:37:25,-42.7826,147.0587,50.76,65,100,1.74,overcast clouds,0,0
4,Ushuaia,AR,2021-06-22 03:37:30,-54.8,-68.3,35.26,75,0,11.5,clear sky,0,0
5,Bradu,RO,2021-06-22 03:39:55,44.7833,24.9,64.02,89,2,3.44,clear sky,0,0
6,Dolores,AR,2021-06-22 03:38:52,-36.3132,-57.6792,47.52,82,82,5.1,broken clouds,0,0
7,Tasiilaq,GL,2021-06-22 03:37:45,65.6145,-37.6368,37.56,85,3,1.61,clear sky,0,0
8,Constitucion,CL,2021-06-22 03:37:50,-35.3333,-72.4167,53.98,70,100,6.26,heavy intensity rain,0,0
9,Kirakira,SB,2021-06-22 03:39:56,-10.4544,161.9205,83.64,77,96,10.6,overcast clouds,0,0
10,Santiago De Chuco,PE,2021-06-22 03:39:56,-8.15,-78.1833,48.78,81,85,2.06,overcast clouds,0,0
11,Vaini,TO,2021-06-22 03:38:12,-21.2,-175.2,80.76,78,20,12.66,few clouds,0,0
12,Nanortalik,GL,2021-06-22 03:38:04,60.1432,-45.2371,40.98,94,100,0.69,overcast clouds,0,0
13,East London,ZA,2021-06-22 03:37:48,-33.0153,27.9116,67.14,32,0,6.91,clear sky,0,0
14,Hobart,AU,2021-06-22 03:37:22,-42.8794,147.3294,51.12,83,75,5.75,broken clouds,0,0
15,Cabo San Lucas,MX,2021-06-22 03:33:52,22.8909,-109.9124,85.3,78,15,14.54,few clouds,0,0
16,Rikitea,PF,2021-06-22 03:37:29,-23.1203,-134.9692,75.51,82,89,13.53,overcast clouds,0,0
17,Fairbanks,US,2021-06-22 03:39:57,64.8378,-147.7164,67.01,81,75,4.61,broken clouds,0,0
18,Faanui,PF,2021-06-22 03:38:29,-16.4833,-151.75,79.92,73,0,7.45,clear sky,0,0
19,Busselton,AU,2021-06-22 03:37:24,-33.65,115.3333,55.09,73,89,12.48,overcast clouds,0,0
20,Cherskiy,RU,2021-06-22 03:38:11,68.75,161.3,72.68,28,53,4.7,broken clouds,0,0
21,Grindavik,IS,2021-06-22 03:37:36,63.8424,-22.4338,46.35,100,90,11.5,mist,0,0
22,Lexington,US,2021-06-22 03:39:57,37.9887,-84.4777,66.09,89,90,6.91,light rain,0,0
23,Punta Arenas,CL,2021-06-22 03:37:30,-53.15,-70.9167,35.71,87,20,9.22,few clouds,0,0
24,Avarua,CK,2021-06-22 03:36:05,-21.2078,-159.775,77.05,61,0,6.91,clear sky,0,0
25,Kodiak,US,2021-06-22 03:38:33,57.79,-152.4072,47.71,87,90,8.05,fog,0,0
26,Cape Town,ZA,2021-06-22 03:37:25,-33.9258,18.4232,63.88,81,75,11.01,broken clouds,0,0
27,Prince Rupert,CA,2021-06-22 03:37:04,54.3161,-130.3201,56.89,82,90,8.05,overcast clouds,0,0
28,Grand Gaube,MU,2021-06-22 03:39:02,-20.0064,57.6608,66.6,71,69,5.01,broken clouds,0,0
29,Esperance,AU,2021-06-22 03:37:49,-33.8667,121.9,51.64,63,94,28.97,overcast clouds,0,0
30,Nara,JP,2021-06-22 03:39:58,34.6851,135.8049,82.49,45,97,4.68,overcast clouds,0,0
31,Tutoia,BR,2021-06-22 03:39:58,-2.7619,-42.2744,76.8,87,7,8.68,clear sky,0,0
32,Noumea,NC,2021-06-22 03:39:31,-22.2763,166.4572,75.18,99,95,7.67,overcast clouds,0,0
33,Sorland,NO,2021-06-22 03:39:59,67.667,12.6934,49.03,94,100,6.17,light rain,0,0
34,Hilo,US,2021-06-22 03:37:56,19.7297,-155.09,78.53,78,90,8.05,overcast clouds,0,0
35,Scarborough,GB,2021-06-22 03:37:11,54.2797,-0.4044,51.91,82,96,5.01,overcast clouds,0,0
36,Atherton,GB,2021-06-22 03:39:59,53.5237,-2.4935,49.15,84,75,3.0,broken clouds,0,0
37,Chapais,CA,2021-06-22 03:37:48,49.7834,-74.8492,38.98,95,100,11.61,overcast clouds,0,0
38,Miri,MY,2021-06-22 03:39:59,4.4148,114.0089,87.94,70,40,4.61,scattered clouds,0,0
39,Hithadhoo,MV,2021-06-22 03:37:24,-0.6,73.0833,83.68,72,50,10.33,scattered clouds,0,0
40,Birao,CF,2021-06-22 03:40:00,10.2849,22.7882,76.48,58,94,2.93,overcast clouds,0,0
41,Albany,US,2021-06-22 03:32:45,42.6001,-73.9662,72.0,92,100,2.66,overcast clouds,0,0
42,Saint-Philippe,RE,2021-06-22 03:38:06,-21.3585,55.7679,65.79,67,85,10.98,overcast clouds,0,0
43,Markha,RU,2021-06-22 03:40:00,62.1053,129.7269,87.76,27,0,8.95,clear sky,0,0
44,Warrington,GB,2021-06-22 03:40:00,53.3925,-2.5802,47.98,84,76,3.53,broken clouds,0,0
45,Narsaq,GL,2021-06-22 03:38:16,60.9167,-46.05,46.62,68,100,1.1,overcast clouds,0,0
46,Craig,US,2021-06-22 03:40:01,40.5153,-107.5464,73.02,34,90,0.0,overcast clouds,0,0
47,Corn Island,NI,2021-06-22 03:40:01,12.1694,-83.0418,82.92,80,100,13.06,overcast clouds,0,0
48,Vardo,NO,2021-06-22 03:37:22,70.3705,31.1107,52.0,96,100,5.19,overcast clouds,0,0
49,Severo-Kurilsk,RU,2021-06-22 03:37:30,50.6789,156.125,49.01,76,27,9.33,scattered clouds,0,0
50,Abonnema,NG,2021-06-22 03:40:03,4.7084,6.7931,73.15,96,100,3.33,moderate rain,0,0
51,Tomatlan,MX,2021-06-22 03:40:03,19.9333,-105.25,78.91,82,96,3.6,overcast clouds,0,0
52,Atambua,ID,2021-06-22 03:40:03,-9.1061,124.8925,84.54,57,24,5.64,few clouds,0,0
53,Mataura,NZ,2021-06-22 03:37:29,-46.1927,168.8643,48.47,79,82,6.58,broken clouds,0,0
54,Bredasdorp,ZA,2021-06-22 03:37:32,-34.5322,20.0403,61.92,67,36,13.8,scattered clouds,0,0
55,Carutapera,BR,2021-06-22 03:40:04,-1.195,-46.02,74.25,93,8,4.85,clear sky,0,0
56,Jacareacanga,BR,2021-06-22 03:39:01,-6.2222,-57.7528,72.72,75,1,1.9,clear sky,0,0
57,Kiunga,PG,2021-06-22 03:40:04,-6.1219,141.2906,88.18,61,84,3.09,broken clouds,0,0
58,Thompson,CA,2021-06-22 03:38:10,55.7435,-97.8558,50.16,66,75,2.3,broken clouds,0,0
59,Viedma,AR,2021-06-22 03:40:04,-40.8135,-62.9967,48.24,68,66,12.55,broken clouds,0,0
60,Atuona,PF,2021-06-22 03:33:10,-9.8,-139.0333,79.03,79,23,10.92,light rain,0,0
61,Ribeira Grande,PT,2021-06-22 03:37:38,38.5167,-28.7,65.43,76,95,7.54,overcast clouds,0,0
62,Doha,QA,2021-06-22 03:40:05,25.2867,51.5333,93.18,40,0,6.91,clear sky,0,0
63,Berdigestyakh,RU,2021-06-22 03:40:05,62.0989,126.6992,91.98,22,18,3.89,few clouds,0,0
64,Mount Isa,AU,2021-06-22 03:37:32,-20.7333,139.5,80.37,17,99,8.05,overcast clouds,0,0
65,Balancan,MX,2021-06-22 03:40:05,17.8,-91.5333,85.91,58,88,13.67,overcast clouds,0,0
66,Tuktoyaktuk,CA,2021-06-22 03:38:18,69.4541,-133.0374,39.2,93,90,20.71,overcast clouds,0,0
67,El Alto,PE,2021-06-22 03:39:31,-4.2714,-81.2147,65.19,87,57,11.74,broken clouds,0,0
68,Lebu,CL,2021-06-22 03:38:07,-37.6167,-73.65,53.42,95,100,9.01,overcast clouds,0,0
69,Souillac,MU,2021-06-22 03:38:53,-20.5167,57.5167,66.58,88,75,3.44,broken clouds,0,0
70,Los Llanos De Aridane,ES,2021-06-22 03:40:06,28.6585,-17.9182,64.15,82,75,10.36,broken clouds,0,0
71,Ankang,CN,2021-06-22 03:40:06,32.68,109.0172,87.33,38,11,1.36,few clouds,0,0
72,Codrington,AU,2021-06-22 03:37:58,-38.2667,141.9667,56.21,68,100,12.15,overcast clouds,0,0
73,Castro,BR,2021-06-22 03:37:37,-24.7911,-50.0119,52.23,97,99,1.03,overcast clouds,0,0
74,Chignahuapan,MX,2021-06-22 03:40:07,19.8333,-98.0333,58.37,88,100,5.77,overcast clouds,0,0
75,Vila Velha,BR,2021-06-22 03:38:16,-20.3297,-40.2925,71.55,78,90,8.05,overcast clouds,0,0
76,Touros,BR,2021-06-22 03:38:21,-5.1989,-35.4608,74.3,89,23,11.18,few clouds,0,0
77,Rio Gallegos,AR,2021-06-22 03:40:07,-51.6226,-69.2181,30.25,86,0,6.91,clear sky,0,0
78,Hermanus,ZA,2021-06-22 03:37:33,-34.4187,19.2345,60.91,76,46,27.42,scattered clouds,0,0
79,Khatanga,RU,2021-06-22 03:37:50,71.9667,102.5,64.76,51,94,8.39,overcast clouds,0,0
80,Klyuchi,RU,2021-06-22 03:40:07,52.2667,79.1667,57.31,57,67,12.62,light rain,0,0
81,Hyderabad,IN,2021-06-22 03:37:28,17.3753,78.4744,83.71,50,40,9.22,mist,0,0
82,Cidreira,BR,2021-06-22 03:39:21,-30.1811,-50.2056,57.78,92,81,2.04,broken clouds,0,0
83,Vryheid,ZA,2021-06-22 03:40:08,-27.7695,30.7917,44.26,42,0,4.0,clear sky,0,0
84,Ilulissat,GL,2021-06-22 03:37:53,69.2167,-51.1,44.62,57,0,5.75,clear sky,0,0
85,Leningradskiy,RU,2021-06-22 03:37:23,69.3833,178.4167,47.03,62,37,11.99,scattered clouds,0,0
86,Airai,TL,2021-06-22 03:38:20,-8.9266,125.4092,73.33,59,77,1.57,broken clouds,0,0
87,Kapaa,US,2021-06-22 03:37:24,22.0752,-159.319,80.92,76,20,1.99,few clouds,0,0
88,Longyearbyen,SJ,2021-06-22 03:38:17,78.2186,15.6401,39.04,87,75,2.3,broken clouds,0,0
89,Upernavik,GL,2021-06-22 03:38:17,72.7868,-56.1549,36.32,70,2,4.79,clear sky,0,0
90,Margate,GB,2021-06-22 03:39:36,51.3813,1.3862,55.11,89,100,8.01,light rain,0,0
91,Saldanha,ZA,2021-06-22 03:38:00,-33.0117,17.9442,60.85,91,55,16.24,broken clouds,0,0
92,Jiuquan,CN,2021-06-22 03:40:08,39.7432,98.5174,82.96,21,69,11.77,broken clouds,0,0
93,Port Blair,IN,2021-06-22 03:37:48,11.6667,92.75,85.68,71,89,17.45,overcast clouds,0,0
94,Camana,PE,2021-06-22 03:37:20,-16.6228,-72.7111,62.22,90,76,6.96,broken clouds,0,0
95,Victoria,HK,2021-06-22 03:35:09,22.2855,114.1577,80.33,90,100,1.01,moderate rain,0,0
96,Klaksvik,FO,2021-06-22 03:38:19,62.2266,-6.589,47.32,84,88,19.69,overcast clouds,0,0
97,Pietarsaari,FI,2021-06-22 03:40:09,63.65,22.6833,62.73,88,94,1.68,overcast clouds,0,0
98,Faya,SA,2021-06-22 03:38:09,18.3851,42.4509,66.72,12,84,4.07,broken clouds,0,0
99,Mar Del Plata,AR,2021-06-22 03:37:22,-38.0023,-57.5575,50.13,63,0,8.99,clear sky,0,0
100,Tashla,RU,2021-06-22 03:40:10,51.7716,52.7427,78.44,49,0,5.14,clear sky,0,0
101,Ambilobe,MG,2021-06-22 03:38:54,-13.2,49.05,68.2,73,47,4.94,scattered clouds,0,0
102,Erenhot,CN,2021-06-22 03:40:10,43.6475,111.9767,81.36,21,88,13.2,overcast clouds,0,0
103,Qaanaaq,GL,2021-06-22 03:37:48,77.484,-69.3632,35.28,72,20,7.7,few clouds,0,0
104,Coquimbo,CL,2021-06-22 03:38:28,-29.9533,-71.3436,47.93,76,0,4.61,clear sky,0,0
105,Menongue,AO,2021-06-22 03:40:10,-14.6585,17.691,45.45,60,30,4.83,scattered clouds,0,0
106,Yellowknife,CA,2021-06-22 03:37:44,62.456,-114.3525,66.72,34,75,5.75,broken clouds,0,0
107,Bluff,NZ,2021-06-22 03:37:54,-46.6,168.3333,48.79,74,80,18.7,broken clouds,0,0
108,Kulhudhuffushi,MV,2021-06-22 03:40:11,6.6221,73.07,82.11,78,19,15.55,few clouds,0,0
109,Barrow,US,2021-06-22 03:37:35,71.2906,-156.7887,41.02,65,1,8.05,clear sky,0,0
110,Vuktyl,RU,2021-06-22 03:40:11,63.8567,57.3094,53.92,63,100,3.33,overcast clouds,0,0
111,Rio Grande,BR,2021-06-22 03:39:15,-32.035,-52.0986,51.94,94,41,6.29,scattered clouds,0,0
112,Bethel,US,2021-06-22 03:38:18,41.3712,-73.414,74.25,86,40,5.75,light rain,0,0
113,Saint George,US,2021-06-22 03:38:31,37.1041,-113.5841,99.19,10,1,9.22,clear sky,0,0
114,Carmo Do Rio Verde,BR,2021-06-22 03:40:11,-15.3536,-49.7075,67.15,51,5,2.46,clear sky,0,0
115,Kushmurun,KZ,2021-06-22 03:37:31,52.4503,64.6311,59.36,60,100,3.31,overcast clouds,0,0
116,Sabang,ID,2021-06-22 03:40:12,5.8933,95.3214,83.26,68,96,17.58,overcast clouds,0,0
117,Le Port,RE,2021-06-22 03:39:14,-20.9373,55.2919,66.2,70,59,4.05,broken clouds,0,0
118,Shaoguan,CN,2021-06-22 03:40:12,24.8,113.5833,89.08,71,98,1.1,moderate rain,0,0
119,San Quintin,MX,2021-06-22 03:40:12,30.4833,-115.95,63.36,87,71,10.63,broken clouds,0,0
120,Kineta,GR,2021-06-22 03:40:13,37.9709,23.2183,76.69,68,11,3.2,few clouds,0,0
121,Alofi,NU,2021-06-22 03:39:30,-19.0595,-169.9187,78.69,65,40,5.75,scattered clouds,0,0
122,Olafsvik,IS,2021-06-22 03:39:40,64.8945,-23.7142,45.73,86,99,15.61,overcast clouds,0,0
123,Nikolskoye,RU,2021-06-22 03:37:55,59.7035,30.7861,76.8,67,6,5.82,clear sky,0,0
124,Puerto Leguizamo,CO,2021-06-22 03:40:13,-0.1934,-74.7819,68.81,99,55,0.2,broken clouds,0,0
125,Namibe,AO,2021-06-22 03:38:38,-15.1961,12.1522,66.88,77,19,7.49,few clouds,0,0
126,Skegness,GB,2021-06-22 03:40:13,53.1436,0.3363,54.57,71,100,17.85,overcast clouds,0,0
127,Mahebourg,MU,2021-06-22 03:37:21,-20.4081,57.7,66.49,88,75,3.44,broken clouds,0,0
128,Taoudenni,ML,2021-06-22 03:40:14,22.6783,-3.9836,93.87,12,0,15.55,clear sky,0,0
129,Tiksi,RU,2021-06-22 03:38:08,71.6872,128.8694,60.98,54,13,5.79,few clouds,0,0
130,Okhotsk,RU,2021-06-22 03:40:14,59.3833,143.3,46.17,90,100,8.3,light rain,0,0
131,Najran,SA,2021-06-22 03:40:14,17.4924,44.1277,79.45,10,20,3.44,few clouds,0,0
132,Port-Gentil,GA,2021-06-22 03:38:40,-0.7193,8.7815,76.91,85,100,14.12,light rain,0,0
133,Porto Velho,BR,2021-06-22 03:38:35,-8.7619,-63.9039,71.65,94,90,2.3,light rain,0,0
134,Esfarayen,IR,2021-06-22 03:40:15,37.0765,57.5101,65.86,14,0,2.8,clear sky,0,0
135,Conceicao Do Araguaia,BR,2021-06-22 03:40:15,-8.2578,-49.2647,75.33,73,0,2.3,clear sky,0,0
136,Saskylakh,RU,2021-06-22 03:37:29,71.9167,114.0833,81.77,38,3,7.96,clear sky,0,0
137,Fengzhen,CN,2021-06-22 03:40:15,40.4394,113.1536,80.6,26,5,6.06,clear sky,0,0
138,Anadyr,RU,2021-06-22 03:40:16,64.75,177.4833,59.5,54,0,8.95,clear sky,0,0
139,Palauig,PH,2021-06-22 03:40:16,15.435,119.9045,84.61,73,100,11.83,overcast clouds,0,0
140,Jilin,CN,2021-06-22 03:40:16,43.0,126.0,71.17,60,44,5.7,scattered clouds,0,0
141,Teguldet,RU,2021-06-22 03:40:16,57.3064,88.1667,62.64,56,100,3.09,overcast clouds,0,0
142,Wanning,CN,2021-06-22 03:38:36,18.8003,110.3967,92.26,58,100,9.24,overcast clouds,0,0
143,Vikulovo,RU,2021-06-22 03:40:17,56.8167,70.6107,57.83,58,31,9.19,scattered clouds,0,0
144,Lensk,RU,2021-06-22 03:40:17,60.7253,114.9278,89.38,24,9,5.19,clear sky,0,0
145,Bac Lieu,VN,2021-06-22 03:40:17,9.285,105.7244,88.5,60,99,11.3,overcast clouds,0,0
146,Shiozawa,JP,2021-06-22 03:40:17,37.0333,138.85,80.87,42,90,0.51,overcast clouds,0,0
147,Ignacio Zaragoza,MX,2021-06-22 03:40:18,28.3833,-107.2167,64.18,64,100,7.11,overcast clouds,0,0
148,Tabuk,PH,2021-06-22 03:40:18,17.4189,121.4443,93.72,43,100,4.94,overcast clouds,0,0
149,Tatebayashi,JP,2021-06-22 03:40:18,36.25,139.5333,85.19,35,89,7.7,overcast clouds,0,0
150,Realeza,BR,2021-06-22 03:40:18,-25.7689,-53.5325,57.16,99,100,0.27,overcast clouds,0,0
151,Yenagoa,NG,2021-06-22 03:40:19,4.9247,6.2642,73.29,97,100,1.1,light rain,0,0
152,Dikson,RU,2021-06-22 03:37:47,73.5069,80.5464,33.48,88,66,9.93,broken clouds,0,0
153,Rio Verde De Mato Grosso,BR,2021-06-22 03:40:19,-18.9181,-54.8442,71.67,59,99,3.89,overcast clouds,0,0
154,Dutse,NG,2021-06-22 03:40:19,11.7594,9.3392,78.67,68,82,7.18,light rain,0,0
155,Tecoanapa,MX,2021-06-22 03:40:20,16.5167,-98.75,80.69,82,81,1.43,broken clouds,0,0
156,Aksarka,RU,2021-06-22 03:40:20,66.5606,67.7975,50.63,57,82,8.81,broken clouds,0,0
157,La Plata,AR,2021-06-22 03:40:20,-34.9215,-57.9545,54.0,90,95,5.86,overcast clouds,0,0
158,Hargeysa,SO,2021-06-22 03:40:20,9.56,44.065,68.18,65,6,28.52,clear sky,0,0
159,Hihya,EG,2021-06-22 03:40:21,30.6713,31.588,74.28,64,0,3.38,clear sky,0,0
160,Tessalit,ML,2021-06-22 03:37:19,20.1986,1.0114,82.26,46,6,11.48,clear sky,0,0
161,Port Lincoln,AU,2021-06-22 03:37:51,-34.7333,135.8667,53.67,72,100,23.38,moderate rain,0,0
162,Asekeyevo,RU,2021-06-22 03:40:21,53.5742,52.7972,76.91,69,0,4.92,clear sky,0,0
163,Orlik,RU,2021-06-22 03:40:22,52.5178,99.825,52.2,92,100,2.44,light rain,0,0
164,Vila Franca Do Campo,PT,2021-06-22 03:37:43,37.7167,-25.4333,63.01,78,45,5.57,scattered clouds,0,0
165,Torbay,CA,2021-06-22 03:37:59,47.6666,-52.7314,61.48,89,75,16.11,broken clouds,0,0
166,Meulaboh,ID,2021-06-22 03:39:25,4.1363,96.1285,78.53,80,98,5.35,overcast clouds,0,0
167,Clyde River,CA,2021-06-22 03:38:51,70.4692,-68.5914,32.23,100,75,14.97,broken clouds,0,0
168,Vostok,RU,2021-06-22 03:40:22,46.4856,135.8833,77.23,25,45,6.89,scattered clouds,0,0
169,Guaruja,BR,2021-06-22 03:40:23,-23.9931,-46.2564,70.16,26,73,1.01,moderate rain,0,0
170,Kahului,US,2021-06-22 03:37:23,20.8947,-156.47,84.22,73,40,20.71,scattered clouds,0,0
171,Popondetta,PG,2021-06-22 03:40:23,-8.7537,148.2534,87.87,55,23,5.95,few clouds,0,0
172,Ascension,US,2021-06-22 03:40:23,30.2169,-90.9001,77.04,95,40,0.0,scattered clouds,0,0
173,Carnarvon,AU,2021-06-22 03:37:44,-24.8667,113.6333,62.67,49,0,11.5,clear sky,0,0
174,Novi Becej,RS,2021-06-22 03:40:23,45.5986,20.1356,65.28,74,49,6.29,scattered clouds,0,0
175,Gizo,SB,2021-06-22 03:40:24,-8.103,156.8419,83.48,74,59,7.83,light rain,0,0
176,Dingle,PH,2021-06-22 03:37:46,10.9995,122.6711,83.3,72,100,4.29,overcast clouds,0,0
177,Butaritari,KI,2021-06-22 03:38:02,3.0707,172.7902,83.12,68,88,2.51,overcast clouds,0,0
178,Puerto Ayora,EC,2021-06-22 03:37:33,-0.7393,-90.3518,73.54,92,94,5.01,overcast clouds,0,0
179,Penha,BR,2021-06-22 03:40:24,-26.7694,-48.6458,62.82,100,100,6.91,overcast clouds,0,0
180,Bardiyah,LY,2021-06-22 03:40:24,31.7561,25.0865,73.42,81,0,5.59,clear sky,0,0
181,Arraial Do Cabo,BR,2021-06-22 03:37:40,-22.9661,-42.0278,68.49,80,16,10.11,few clouds,0,0
182,Kovdor,RU,2021-06-22 03:40:25,67.5662,30.4758,56.44,97,100,10.69,overcast clouds,0,0
183,Hasaki,JP,2021-06-22 03:37:33,35.7333,140.8333,80.19,74,66,9.19,broken clouds,0,0
184,Ponta Do Sol,PT,2021-06-22 03:37:51,32.6667,-17.1,69.01,70,24,4.12,few clouds,0,0
185,Pevek,RU,2021-06-22 03:37:35,69.7008,170.3133,40.84,69,6,6.38,clear sky,0,0
186,Rock Sound,BS,2021-06-22 03:40:25,24.9,-76.2,81.21,82,40,17.29,scattered clouds,0,0
187,Kaitangata,NZ,2021-06-22 03:37:50,-46.2817,169.8464,49.93,58,74,11.07,broken clouds,0,0
188,Bull Savanna,JM,2021-06-22 03:39:11,17.8868,-77.5902,76.64,86,18,9.86,few clouds,0,0
189,Pisco,PE,2021-06-22 03:38:22,-13.7,-76.2167,64.45,82,90,5.75,overcast clouds,0,0
190,Roebourne,AU,2021-06-22 03:40:26,-20.7833,117.1333,66.34,36,58,11.21,broken clouds,0,0
191,Kabanjahe,ID,2021-06-22 03:40:26,3.1001,98.4908,74.16,87,100,4.68,overcast clouds,0,0
192,Haslett,US,2021-06-22 03:40:26,42.747,-84.4011,53.65,77,1,6.91,clear sky,0,0
193,Coihaique,CL,2021-06-22 03:38:34,-45.5752,-72.0662,31.95,93,0,3.44,clear sky,0,0
194,Provideniya,RU,2021-06-22 03:37:37,64.3833,-173.3,48.31,76,90,8.95,overcast clouds,0,0
195,Dalbandin,PK,2021-06-22 03:40:27,28.8947,64.4101,90.5,7,0,9.26,clear sky,0,0
196,Acarau,BR,2021-06-22 03:40:27,-2.8856,-40.12,75.72,84,24,11.18,few clouds,0,0
197,Keita,NE,2021-06-22 03:40:27,14.7551,5.7749,79.18,63,58,13.35,broken clouds,0,0
198,Tuatapere,NZ,2021-06-22 03:37:37,-46.1333,167.6833,48.81,73,75,5.48,broken clouds,0,0
199,Luderitz,NA,2021-06-22 03:38:50,-26.6481,15.1594,59.47,75,0,6.08,clear sky,0,0
200,Uyskoye,RU,2021-06-22 03:40:28,54.3775,60.0047,68.54,59,57,6.6,broken clouds,0,0
201,Abnub,EG,2021-06-22 03:40:28,27.2696,31.1511,79.02,31,0,6.26,clear sky,0,0
202,Emba,KZ,2021-06-22 03:40:28,48.8264,58.1442,77.4,20,0,2.64,clear sky,0,0
203,Ulaangom,MN,2021-06-22 03:40:29,49.9811,92.0667,68.52,30,69,7.0,broken clouds,0,0
204,Amsterdam,NL,2021-06-22 03:39:19,52.374,4.8897,57.02,86,75,1.01,broken clouds,0,0
205,Duki,PK,2021-06-22 03:40:29,30.1541,68.5728,83.16,41,17,1.7,few clouds,0,0
206,Avera,US,2021-06-22 03:36:52,33.194,-82.5271,79.48,85,100,12.91,overcast clouds,0,0
207,Talnakh,RU,2021-06-22 03:38:16,69.4865,88.3972,40.28,87,100,11.43,light rain,0,0
208,Port Alfred,ZA,2021-06-22 03:37:41,-33.5906,26.891,69.82,36,5,19.6,clear sky,0,0
209,Fort Smith,US,2021-06-22 03:40:29,35.3859,-94.3986,67.33,88,99,4.34,overcast clouds,0,0
210,Pangai,TO,2021-06-22 03:39:37,-19.8,-174.35,80.71,65,20,2.3,few clouds,0,0
211,Jamestown,US,2021-06-22 03:37:49,42.097,-79.2353,63.09,82,90,10.36,overcast clouds,0,0
212,Ust-Kut,RU,2021-06-22 03:40:30,56.7938,105.7672,64.6,64,99,4.68,overcast clouds,0,0
213,Tuy Hoa,VN,2021-06-22 03:40:30,13.0833,109.3,95.32,47,24,5.99,few clouds,0,0
214,Orel-Izumrud,RU,2021-06-22 03:40:30,43.4583,39.9244,73.42,83,20,2.24,few clouds,0,0
215,Calabozo,VE,2021-06-22 03:40:31,8.9242,-67.4293,73.85,88,33,2.3,scattered clouds,0,0
216,Sioux Lookout,CA,2021-06-22 03:40:31,50.1001,-91.917,48.58,61,75,4.61,broken clouds,0,0
217,Casimcea,RO,2021-06-22 03:40:31,44.7333,28.3667,64.51,83,91,3.58,overcast clouds,0,0
218,Iralaya,HN,2021-06-22 03:40:31,15.0,-83.2333,81.39,84,48,13.4,scattered clouds,0,0
219,Norman Wells,CA,2021-06-22 03:37:59,65.282,-126.8329,57.24,94,90,12.66,light rain,0,0
220,Ust-Ilimsk,RU,2021-06-22 03:40:32,58.0006,102.6619,59.83,56,100,4.85,overcast clouds,0,0
221,Borovichi,RU,2021-06-22 03:40:32,58.3878,33.9155,72.81,70,60,5.37,broken clouds,0,0
222,Georgetown,MY,2021-06-22 03:37:36,5.4112,100.3354,88.9,67,20,1.01,few clouds,0,0
223,Iguape,BR,2021-06-22 03:40:32,-24.7081,-47.5553,60.89,89,99,1.63,overcast clouds,0,0
224,Formosa,AR,2021-06-22 03:40:33,-26.1775,-58.1781,57.18,100,90,2.3,overcast clouds,0,0
225,Iracoubo,GF,2021-06-22 03:38:49,5.4802,-53.2011,75.45,91,99,6.87,overcast clouds,0,0
226,Birobidzhan,RU,2021-06-22 03:40:33,48.8,132.95,80.37,45,19,9.93,few clouds,0,0
227,Sakakah,SA,2021-06-22 03:40:33,29.9697,40.2064,78.37,28,0,7.47,clear sky,0,0
228,Kadoma,JP,2021-06-22 03:40:33,34.7333,135.5833,83.17,58,75,1.14,broken clouds,0,0
229,Oskaloosa,US,2021-06-22 03:40:34,41.2964,-92.6444,61.52,58,1,3.44,clear sky,0,0
230,Chokurdakh,RU,2021-06-22 03:37:58,70.6333,147.9167,75.49,24,0,11.88,clear sky,0,0
231,Shache,CN,2021-06-22 03:40:34,38.4167,77.2406,82.78,12,22,16.69,few clouds,0,0
232,Turayf,SA,2021-06-22 03:40:34,31.6725,38.6637,68.25,56,0,4.61,clear sky,0,0
233,Viransehir,TR,2021-06-22 03:40:35,37.2353,39.7631,80.2,21,0,5.97,clear sky,0,0
234,Vanavara,RU,2021-06-22 03:38:55,60.34,102.2797,58.73,67,100,7.7,overcast clouds,0,0
235,Jogindarnagar,IN,2021-06-22 03:40:35,31.9833,76.7667,83.71,48,0,4.85,clear sky,0,0
236,Goulburn,AU,2021-06-22 03:40:35,-34.75,149.7167,57.15,57,4,7.92,clear sky,0,0
237,Dibulla,CO,2021-06-22 03:40:35,11.2725,-73.3091,78.28,81,88,11.83,overcast clouds,0,0
238,Makakilo City,US,2021-06-22 03:39:27,21.3469,-158.0858,82.72,52,20,11.5,light rain,0,0
239,Lavrentiya,RU,2021-06-22 03:38:25,65.5833,-171.0,49.06,69,98,2.15,overcast clouds,0,0
240,Cruzilia,BR,2021-06-22 03:40:36,-21.8386,-44.8083,52.0,67,35,2.68,scattered clouds,0,0
241,Ocampo,MX,2021-06-22 03:39:36,21.65,-101.5,67.05,62,100,7.43,overcast clouds,0,0
242,Rumoi,JP,2021-06-22 03:40:36,43.9344,141.6428,68.95,61,1,5.44,clear sky,0,0
243,Inhambane,MZ,2021-06-22 03:38:29,-23.865,35.3833,64.38,100,40,4.61,light rain,0,0
244,Rybinsk,RU,2021-06-22 03:40:37,58.0446,38.8426,72.27,78,93,3.91,overcast clouds,0,0
245,Guarda,PT,2021-06-22 03:40:37,40.5373,-7.2658,44.24,96,1,3.04,clear sky,0,0
246,Rabo De Peixe,PT,2021-06-22 03:39:06,37.8,-25.5833,62.11,67,75,3.44,broken clouds,0,0
247,Berberati,CF,2021-06-22 03:40:37,4.2612,15.7922,65.5,98,99,2.59,overcast clouds,0,0
248,Dwarka,IN,2021-06-22 03:40:37,22.2394,68.9678,85.37,65,90,15.7,overcast clouds,0,0
249,Mae Hong Son,TH,2021-06-22 03:40:38,19.3003,97.9685,82.54,74,75,2.3,broken clouds,0,0
250,Husavik,IS,2021-06-22 03:39:11,66.0449,-17.3389,49.91,83,100,11.34,overcast clouds,0,0
251,Chateauroux,FR,2021-06-22 03:40:38,46.8167,1.7,55.4,94,62,3.44,broken clouds,0,0
252,Abha,SA,2021-06-22 03:40:38,18.2164,42.5053,66.45,12,0,0.0,clear sky,0,0
253,Antalaha,MG,2021-06-22 03:40:39,-14.9003,50.2788,67.93,82,94,8.68,light rain,0,0
254,Eyl,SO,2021-06-22 03:40:39,7.9803,49.8164,79.07,65,47,20.98,scattered clouds,0,0
255,Evensk,RU,2021-06-22 03:39:26,61.95,159.2333,63.09,54,96,5.12,overcast clouds,0,0
256,Tual,ID,2021-06-22 03:40:39,-5.6667,132.75,81.57,75,52,10.04,broken clouds,0,0
257,Surt,LY,2021-06-22 03:37:30,31.2089,16.5887,80.8,39,0,9.53,clear sky,0,0
258,Las Palmas,ES,2021-06-22 03:40:39,28.4204,-14.0131,63.39,72,18,10.36,few clouds,0,0
259,Sorkjosen,NO,2021-06-22 03:40:40,69.8,20.9333,51.91,93,97,2.84,overcast clouds,0,0
260,Namatanai,PG,2021-06-22 03:39:20,-3.6667,152.4333,84.13,71,84,8.43,light rain,0,0
261,Awbari,LY,2021-06-22 03:40:40,26.5921,12.7805,83.23,21,0,12.75,clear sky,0,0
262,Cockburn Town,TC,2021-06-22 03:38:42,21.4612,-71.1419,80.98,83,99,21.52,overcast clouds,0,0
263,San Cristobal,VE,2021-06-22 03:40:40,7.7669,-72.225,64.42,92,51,2.66,broken clouds,0,0
264,Sola,VU,2021-06-22 03:38:25,-13.8833,167.55,84.87,74,40,5.75,scattered clouds,0,0
265,Fort Morgan,US,2021-06-22 03:40:41,40.2503,-103.8,65.8,59,1,8.05,clear sky,0,0
266,Shatrovo,RU,2021-06-22 03:40:41,56.5167,64.6333,55.42,72,100,2.71,overcast clouds,0,0
267,Rawson,AR,2021-06-22 03:40:41,-43.3002,-65.1023,48.61,67,83,10.16,broken clouds,0,0
268,Sibolga,ID,2021-06-22 03:40:41,1.7427,98.7792,73.49,96,100,2.3,light rain,0,0
269,Melton Mowbray,GB,2021-06-22 03:40:42,52.7659,-0.8869,50.52,71,100,10.02,overcast clouds,0,0
270,Kununurra,AU,2021-06-22 03:38:41,-15.7667,128.7333,85.98,39,1,10.36,clear sky,0,0
271,Constantine,DZ,2021-06-22 03:40:42,36.365,6.6147,67.41,55,0,4.61,clear sky,0,0
272,Puerto Escondido,MX,2021-06-22 03:40:42,15.85,-97.0667,82.63,80,100,2.28,overcast clouds,0,0
273,South Bradenton,US,2021-06-22 03:40:43,27.4631,-82.5818,82.99,70,20,5.99,few clouds,0,0
274,Samfya,ZM,2021-06-22 03:40:43,-11.3649,29.5565,50.85,88,3,5.68,clear sky,0,0
275,Moron,AR,2021-06-22 03:40:43,-34.6534,-58.6198,53.98,93,67,3.13,broken clouds,0,0
276,Kladovo,RS,2021-06-22 03:40:44,44.6067,22.6119,68.11,92,97,0.36,overcast clouds,0,0
277,Hamilton,US,2021-06-22 03:35:58,39.1834,-84.5333,66.4,93,75,6.91,broken clouds,0,0
278,Buala,SB,2021-06-22 03:38:46,-8.145,159.5921,85.59,67,100,6.53,light rain,0,0
279,Kaohsiung,TW,2021-06-22 03:40:44,22.6163,120.3133,84.15,84,75,4.0,broken clouds,0,0
280,Barranca,PE,2021-06-22 03:40:44,-10.75,-77.7667,64.58,81,99,6.26,overcast clouds,0,0
281,Benguela,AO,2021-06-22 03:40:45,-12.5763,13.4055,69.26,76,35,3.02,scattered clouds,0,0
282,Ola,RU,2021-06-22 03:40:45,59.5833,151.2833,54.34,67,78,10.29,broken clouds,0,0
283,Camacha,PT,2021-06-22 03:37:47,33.0833,-16.3333,65.53,77,75,10.36,broken clouds,0,0
284,Altay,CN,2021-06-22 03:40:45,47.8667,88.1167,68.45,33,94,6.38,moderate rain,0,0
285,Kungurtug,RU,2021-06-22 03:40:46,50.5994,97.5228,62.33,39,100,3.87,overcast clouds,0,0
286,Sychevka,RU,2021-06-22 03:40:46,55.8252,34.2736,70.18,88,29,6.35,scattered clouds,0,0
287,Iqaluit,CA,2021-06-22 03:35:59,63.7506,-68.5145,33.53,86,90,25.01,overcast clouds,0,0
288,Chara,RU,2021-06-22 03:40:46,56.9064,118.2631,77.72,37,6,2.57,clear sky,0,0
289,Karratha,AU,2021-06-22 03:37:55,-20.7377,116.8463,66.63,36,50,11.25,scattered clouds,0,0
290,Weihe,CN,2021-06-22 03:40:46,32.9952,105.3247,80.92,44,95,6.08,overcast clouds,0,0
291,Yeniseysk,RU,2021-06-22 03:40:47,58.4497,92.1703,63.36,54,69,7.58,broken clouds,0,0
292,Geraldton,AU,2021-06-22 03:38:42,-28.7667,114.6,55.81,67,40,8.05,scattered clouds,0,0
293,Tabou,CI,2021-06-22 03:40:47,4.423,-7.3528,76.66,87,97,4.88,light rain,0,0
294,San Giljan,MT,2021-06-22 03:40:47,35.9184,14.4898,79.07,69,0,3.44,clear sky,0,0
295,Chuy,UY,2021-06-22 03:37:39,-33.6971,-53.4616,54.21,89,100,2.8,overcast clouds,0,0
296,Bilibino,RU,2021-06-22 03:40:48,68.0546,166.4372,65.66,43,99,9.98,light rain,0,0
297,Sigli,ID,2021-06-22 03:40:48,5.3848,95.9609,86.14,57,100,2.15,overcast clouds,0,0
298,Dana Point,US,2021-06-22 03:40:48,33.467,-117.6981,78.84,83,9,1.01,clear sky,0,0
299,Katsuura,JP,2021-06-22 03:38:55,35.1333,140.3,80.64,74,88,11.52,overcast clouds,0,0
300,Ponta Delgada,PT,2021-06-22 03:36:44,37.7333,-25.6667,63.32,67,75,3.44,broken clouds,0,0
301,Sciacca,IT,2021-06-22 03:40:49,37.5082,13.0881,81.03,39,56,6.22,broken clouds,0,0
302,Saint-Augustin,CA,2021-06-22 03:40:49,51.226,-58.6502,51.44,97,100,5.26,overcast clouds,0,0
303,San Lucas,MX,2021-06-22 03:40:49,16.6,-92.7167,74.16,91,83,3.4,broken clouds,0,0
304,Chifeng,CN,2021-06-22 03:40:49,42.2683,118.9636,77.4,34,41,10.8,scattered clouds,0,0
305,Paraiso,CR,2021-06-22 03:40:50,9.8383,-83.8656,63.46,99,100,0.34,overcast clouds,0,0
306,Kasane,BW,2021-06-22 03:40:50,-17.8167,25.15,50.09,81,0,2.3,clear sky,0,0
307,Cadiz,ES,2021-06-22 03:40:50,36.5,-5.75,63.59,96,1,0.92,clear sky,0,0
308,Martinsville,US,2021-06-22 03:39:24,36.6915,-79.8725,79.21,92,1,4.61,clear sky,0,0
309,Puro,PH,2021-06-22 03:40:50,12.4841,123.3827,85.39,70,100,16.51,moderate rain,0,0
310,Caravelas,BR,2021-06-22 03:40:51,-17.7125,-39.2481,70.27,88,10,2.64,clear sky,0,0
311,Lemon Tree Passage,AU,2021-06-22 03:40:51,-32.7327,152.036,64.11,81,51,1.99,broken clouds,0,0
312,Sao Filipe,CV,2021-06-22 03:38:45,14.8961,-24.4956,71.35,82,16,8.57,few clouds,0,0
313,Tezu,IN,2021-06-22 03:40:51,27.9167,96.1667,80.87,94,96,2.01,overcast clouds,0,0
314,Norilsk,RU,2021-06-22 03:40:52,69.3535,88.2027,38.97,92,100,11.34,light rain,0,0
315,Bathsheba,BB,2021-06-22 03:38:43,13.2167,-59.5167,81.21,65,20,17.27,few clouds,0,0
316,Kushima,JP,2021-06-22 03:40:52,31.4583,131.2333,83.71,62,74,8.23,broken clouds,0,0
317,San Francisco,US,2021-06-22 03:38:29,37.7749,-122.4194,67.14,84,20,3.0,few clouds,0,0
318,Salalah,OM,2021-06-22 03:40:52,17.0151,54.0924,80.69,89,90,5.75,overcast clouds,0,0
319,Rosarito,MX,2021-06-22 03:40:53,32.3333,-117.0333,69.82,79,28,9.15,scattered clouds,0,0
320,Minab,IR,2021-06-22 03:40:53,27.1467,57.0801,85.5,20,0,3.24,clear sky,0,0
321,Boyolangu,ID,2021-06-22 03:40:53,-8.1181,111.8935,82.9,72,74,5.86,broken clouds,0,0
322,Edd,ER,2021-06-22 03:40:53,13.9297,41.6925,88.41,56,23,3.76,few clouds,0,0
323,Sarangani,PH,2021-06-22 03:39:29,5.4033,125.4636,83.93,73,60,8.43,broken clouds,0,0
324,Yulara,AU,2021-06-22 03:39:14,-25.2406,130.9889,55.24,82,90,9.22,overcast clouds,0,0
325,Sonepur,IN,2021-06-22 03:40:54,20.8333,83.9167,94.35,38,88,5.79,overcast clouds,0,0
326,Lorengau,PG,2021-06-22 03:38:10,-2.0226,147.2712,85.14,69,36,12.57,scattered clouds,0,0
327,Seminole,US,2021-06-22 03:40:54,28.7086,-81.2081,75.42,91,40,4.61,scattered clouds,0,0
328,Burns Lake,CA,2021-06-22 03:39:03,54.2331,-125.7533,71.02,53,78,5.41,broken clouds,0,0
329,Kruisfontein,ZA,2021-06-22 03:37:35,-34.0033,24.7314,67.51,30,4,19.13,clear sky,0,0
330,Dobryanka,RU,2021-06-22 03:40:55,58.4619,56.4165,71.46,59,47,7.45,scattered clouds,0,0
331,Kaduqli,SD,2021-06-22 03:40:55,11.0167,29.7167,76.42,70,43,3.04,scattered clouds,0,0
332,Tautira,PF,2021-06-22 03:39:13,-17.7333,-149.15,82.0,77,24,7.56,few clouds,0,0
333,Paamiut,GL,2021-06-22 03:40:55,61.994,-49.6678,43.2,76,32,2.98,scattered clouds,0,0
334,San Clemente,US,2021-06-22 03:40:55,33.427,-117.612,78.3,83,14,1.01,few clouds,0,0
335,Ancud,CL,2021-06-22 03:37:45,-41.8697,-73.8203,47.23,91,100,4.34,overcast clouds,0,0
336,Nome,US,2021-06-22 03:39:00,64.5011,-165.4064,67.15,55,1,8.05,clear sky,0,0
337,Balikpapan,ID,2021-06-22 03:40:56,-1.2675,116.8289,81.59,78,20,2.3,few clouds,0,0
338,Moshenskoye,RU,2021-06-22 03:40:56,58.5102,34.5911,72.82,71,39,4.68,scattered clouds,0,0
339,Sitka,US,2021-06-22 03:33:10,57.0531,-135.33,53.49,76,90,6.91,light rain,0,0
340,Borgarnes,IS,2021-06-22 03:40:57,64.5383,-21.9206,46.45,96,88,15.35,overcast clouds,0,0
341,Deputatskiy,RU,2021-06-22 03:37:27,69.3,139.9,68.61,29,2,18.21,clear sky,0,0
342,Aklavik,CA,2021-06-22 03:37:33,68.2191,-135.0107,49.03,57,97,19.98,overcast clouds,0,0
343,Podgornoye,RU,2021-06-22 03:40:57,51.735,39.1496,71.82,56,0,4.47,clear sky,0,0
344,Hofn,IS,2021-06-22 03:39:03,64.2539,-15.2082,47.05,99,100,3.06,overcast clouds,0,0
345,Sao Joao Da Barra,BR,2021-06-22 03:40:57,-21.6403,-41.0511,64.45,89,55,9.26,broken clouds,0,0
346,Berestechko,UA,2021-06-22 03:40:58,50.3605,25.1107,71.01,91,0,6.71,clear sky,0,0
347,Kawalu,ID,2021-06-22 03:40:58,-7.3817,108.2082,83.73,62,83,4.21,broken clouds,0,0
348,Maxixe,MZ,2021-06-22 03:40:58,-23.8597,35.3472,64.22,100,40,4.61,light rain,0,0
349,Umtata,ZA,2021-06-22 03:40:58,-31.5889,28.7844,45.16,61,0,2.3,clear sky,0,0
350,Lerwick,GB,2021-06-22 03:40:59,60.1545,-1.1494,48.2,81,1,7.63,clear sky,0,0
351,Angoche,MZ,2021-06-22 03:40:59,-16.2325,39.9086,66.88,93,50,6.22,light rain,0,0
352,Sukumo,JP,2021-06-22 03:40:59,32.9333,132.7333,78.08,72,62,4.56,broken clouds,0,0
353,Hobyo,SO,2021-06-22 03:39:05,5.3505,48.5268,77.25,81,40,21.61,scattered clouds,0,0
354,Westport,US,2021-06-22 03:38:37,41.1415,-73.3579,77.27,90,75,3.0,broken clouds,0,0
355,Taltal,CL,2021-06-22 03:38:53,-25.4,-70.4833,58.77,72,71,1.52,broken clouds,0,0
356,Khvatovka,RU,2021-06-22 03:41:00,52.3524,46.5628,75.81,64,0,4.23,clear sky,0,0
357,Port Hardy,CA,2021-06-22 03:41:00,50.6996,-127.4199,62.78,77,20,11.5,few clouds,0,0
358,Omboue,GA,2021-06-22 03:39:15,-1.5746,9.2618,74.55,89,98,7.7,overcast clouds,0,0
359,Shingu,JP,2021-06-22 03:38:39,33.7333,135.9833,76.19,70,55,5.88,broken clouds,0,0
360,Uyemskiy,RU,2021-06-22 03:41:01,64.4743,40.8524,73.45,73,40,4.47,scattered clouds,0,0
361,Northam,GB,2021-06-22 03:38:32,51.0333,-4.2167,55.38,77,97,12.24,overcast clouds,0,0
362,Mundwa,IN,2021-06-22 03:41:01,27.0667,73.8167,93.36,41,22,13.2,few clouds,0,0
363,Chibuto,MZ,2021-06-22 03:41:01,-24.6867,33.5306,57.87,92,0,1.3,clear sky,0,0
364,Chodavaram,IN,2021-06-22 03:41:01,17.8333,82.95,87.64,38,100,5.55,overcast clouds,0,0
365,Naze,JP,2021-06-22 03:37:40,28.3667,129.4833,76.12,76,100,17.72,overcast clouds,0,0
366,Chicama,PE,2021-06-22 03:41:02,-7.8447,-79.1469,65.32,85,82,3.87,broken clouds,0,0
367,Robertsport,LR,2021-06-22 03:41:02,6.7533,-11.3686,77.16,85,100,7.61,moderate rain,0,0
368,Foumban,CM,2021-06-22 03:41:03,5.7291,10.9001,59.94,97,100,1.83,overcast clouds,0,0
369,Izhma,RU,2021-06-22 03:41:03,65.0083,53.9113,54.23,75,100,3.53,overcast clouds,0,0
370,Oranjestad,AW,2021-06-22 03:36:57,12.524,-70.027,82.35,78,20,18.41,few clouds,0,0
371,Marzuq,YE,2021-06-22 03:41:03,14.4,46.4667,77.04,54,71,6.53,broken clouds,0,0
372,Santo Antonio Do Ica,BR,2021-06-22 03:41:04,-3.1022,-67.9397,71.35,99,30,0.92,scattered clouds,0,0
373,Liverpool,GB,2021-06-22 03:40:52,53.4106,-2.9779,47.82,75,49,2.1,scattered clouds,0,0
374,Shenjiamen,CN,2021-06-22 03:39:20,29.9576,122.298,76.24,77,98,6.46,light rain,0,0
375,Isangel,VU,2021-06-22 03:34:08,-19.55,169.2667,77.11,73,75,5.75,broken clouds,0,0
376,Roma,US,2021-06-22 03:41:04,43.2128,-75.4557,71.46,92,75,8.05,broken clouds,0,0
377,Riyadh,SA,2021-06-22 03:37:53,24.6877,46.7219,80.65,17,0,5.75,clear sky,0,0
378,Porto Novo,BJ,2021-06-22 03:41:04,6.4965,2.6036,75.02,97,100,5.06,moderate rain,0,0
379,Townsville,AU,2021-06-22 03:41:05,-19.25,146.8,76.08,61,40,17.27,scattered clouds,0,0
380,Ulaanbaatar,MN,2021-06-22 03:41:05,47.9077,106.8832,60.93,67,40,22.37,scattered clouds,0,0
381,Fortuna,US,2021-06-22 03:41:05,40.5982,-124.1573,57.92,71,90,3.0,overcast clouds,0,0
382,Itoman,JP,2021-06-22 03:41:05,26.1247,127.6694,80.98,86,75,17.27,broken clouds,0,0
383,Anuchino,RU,2021-06-22 03:41:06,43.9622,133.0544,74.12,40,24,5.64,few clouds,0,0
384,Ankazobe,MG,2021-06-22 03:41:06,-18.3167,47.1167,52.21,93,9,4.56,clear sky,0,0
385,Loknya,RU,2021-06-22 03:41:06,56.83,30.1467,70.48,82,84,6.62,light rain,0,0
386,Mahibadhoo,MV,2021-06-22 03:41:07,3.7833,72.9667,83.25,73,68,14.83,broken clouds,0,0
387,Sinnamary,GF,2021-06-22 03:37:39,5.3833,-52.95,76.33,89,100,6.64,overcast clouds,0,0
388,Miles City,US,2021-06-22 03:41:07,46.4083,-105.8406,74.37,20,1,8.05,clear sky,0,0
389,Bonfim,BR,2021-06-22 03:41:07,3.0833,-59.95,73.8,90,16,4.09,few clouds,0,0
390,Nuuk,GL,2021-06-22 03:38:32,64.1835,-51.7216,54.21,47,72,3.44,broken clouds,0,0
391,Smidovich,RU,2021-06-22 03:41:08,48.6,133.8167,77.83,47,11,10.58,few clouds,0,0
392,Isabela,PH,2021-06-22 03:41:08,6.7085,121.9711,86.05,66,100,2.93,overcast clouds,0,0
393,San Patricio,US,2021-06-22 03:37:35,28.017,-97.5169,86.09,86,25,9.73,scattered clouds,0,0
394,Yeppoon,AU,2021-06-22 03:41:08,-23.1333,150.7333,73.18,73,20,15.75,few clouds,0,0
395,Petropavlovsk-Kamchatskiy,RU,2021-06-22 03:39:28,53.0452,158.6483,64.99,42,75,6.71,broken clouds,0,0
396,Akcakoca,TR,2021-06-22 03:41:09,41.0866,31.1162,65.89,86,81,3.09,broken clouds,0,0
397,Guerrero Negro,MX,2021-06-22 03:37:31,27.9769,-114.0611,65.34,86,9,14.7,clear sky,0,0
398,Rantepao,ID,2021-06-22 03:41:09,-2.9701,119.8978,83.01,59,65,2.37,broken clouds,0,0
399,Bengkulu,ID,2021-06-22 03:37:09,-3.8004,102.2655,83.59,64,100,4.68,overcast clouds,0,0
400,Yar-Sale,RU,2021-06-22 03:38:18,66.8333,70.8333,50.59,47,83,13.02,broken clouds,0,0
401,Sainte-Maxime,FR,2021-06-22 03:41:09,43.3,6.6333,69.96,94,1,4.29,clear sky,0,0
402,Ostrovnoy,RU,2021-06-22 03:37:46,68.0531,39.5131,55.18,86,83,14.14,broken clouds,0,0
403,Gamba,GA,2021-06-22 03:41:10,-2.65,10.0,74.08,85,100,6.82,overcast clouds,0,0
404,Vao,NC,2021-06-22 03:38:24,-22.6667,167.4833,69.8,65,87,11.45,overcast clouds,0,0
405,Progreso,MX,2021-06-22 03:41:10,21.2833,-89.6667,84.31,75,100,14.05,overcast clouds,0,0
406,Pacific Grove,US,2021-06-22 03:34:33,36.6177,-121.9166,64.62,82,3,3.0,clear sky,0,0
407,Nioro,GM,2021-06-22 03:41:10,13.35,-15.75,80.04,69,100,5.77,overcast clouds,0,0
408,Cervo,ES,2021-06-22 03:41:11,43.6702,-7.4101,59.2,92,99,14.16,overcast clouds,0,0
409,Ouadda,CF,2021-06-22 03:41:11,8.0777,22.4007,65.84,85,61,4.61,broken clouds,0,0
410,Shurugwi,ZW,2021-06-22 03:41:11,-19.6702,30.0059,45.88,86,99,3.36,overcast clouds,0,0
411,Gemena,CD,2021-06-22 03:41:11,3.25,19.7667,68.49,99,100,1.81,light rain,0,0
412,Nandigama,IN,2021-06-22 03:41:12,16.7833,80.3,87.6,39,98,14.74,overcast clouds,0,0
413,Tocopilla,CL,2021-06-22 03:41:12,-22.092,-70.1979,61.54,75,100,2.84,overcast clouds,0,0
414,Dukat,RU,2021-06-22 03:41:12,62.55,155.55,58.12,41,100,11.34,overcast clouds,0,0
415,College,US,2021-06-22 03:39:22,64.8569,-147.8028,69.75,79,75,8.05,broken clouds,0,0
416,Nishihara,JP,2021-06-22 03:41:12,26.1842,127.7558,80.26,89,90,14.97,drizzle,0,0
417,Paracuru,BR,2021-06-22 03:41:13,-3.41,-39.0306,80.62,84,38,9.04,scattered clouds,0,0
418,Shetpe,KZ,2021-06-22 03:41:13,44.1667,52.1167,90.41,22,5,9.01,clear sky,0,0
419,Gao,ML,2021-06-22 03:38:45,16.6362,1.637,81.28,44,47,5.3,scattered clouds,0,0
420,San Luis,AR,2021-06-22 03:41:13,-33.295,-66.3356,44.42,70,38,1.99,scattered clouds,0,0
421,Sarankhola,BD,2021-06-22 03:41:14,22.3082,89.7897,83.08,81,87,5.64,overcast clouds,0,0
422,Palmer,US,2021-06-22 03:39:28,42.1584,-72.3287,76.28,78,75,4.0,broken clouds,0,0
423,Naifaru,MV,2021-06-22 03:41:14,5.4444,73.3657,82.38,77,44,14.85,scattered clouds,0,0
424,Linqiong,CN,2021-06-22 03:41:14,30.4159,103.4609,87.62,72,100,1.28,overcast clouds,0,0
425,Hong Gai,VN,2021-06-22 03:41:15,20.956,107.0946,91.31,63,100,6.49,overcast clouds,0,0
426,Mundo Nuevo,MX,2021-06-22 03:41:15,18.7,-95.5,82.35,68,83,7.27,broken clouds,0,0
427,Portland,US,2021-06-22 03:35:11,45.5234,-122.6762,89.58,45,20,5.75,few clouds,0,0
428,Korla,CN,2021-06-22 03:41:15,41.7597,86.1469,82.33,24,100,7.45,overcast clouds,0,0
429,Sao Gabriel Da Cachoeira,BR,2021-06-22 03:41:15,-0.1303,-67.0892,70.45,99,31,1.45,scattered clouds,0,0
430,Russell,US,2021-06-22 03:41:16,32.3502,-85.1999,74.91,86,90,0.0,haze,0,0
431,Bahia Blanca,AR,2021-06-22 03:41:16,-38.7196,-62.2724,48.56,80,21,12.55,few clouds,0,0
432,Snyder,US,2021-06-22 03:41:16,32.7179,-100.9176,69.53,68,90,14.97,overcast clouds,0,0
433,Takoradi,GH,2021-06-22 03:39:04,4.8845,-1.7554,77.25,82,100,6.98,overcast clouds,0,0
434,Dallas,US,2021-06-22 03:38:35,32.7668,-96.7836,74.8,84,90,3.0,overcast clouds,0,0
435,Saint-Pierre,RE,2021-06-22 03:38:14,-21.3393,55.4781,65.88,74,75,8.05,light rain,0,0
436,Terney,RU,2021-06-22 03:38:51,45.0503,136.6092,66.49,51,3,5.03,clear sky,0,0
437,Manzhouli,CN,2021-06-22 03:41:17,49.6,117.4333,75.27,40,64,7.02,broken clouds,0,0
438,Yaan,NG,2021-06-22 03:41:17,7.3833,8.5667,70.11,97,97,5.01,overcast clouds,0,0
439,Itapetinga,BR,2021-06-22 03:41:17,-15.2489,-40.2478,64.26,95,0,1.92,clear sky,0,0
440,Bubaque,GW,2021-06-22 03:38:04,11.2833,-15.8333,79.05,77,100,4.14,overcast clouds,0,0
441,Coxim,BR,2021-06-22 03:41:18,-18.5067,-54.76,71.6,60,56,2.19,broken clouds,0,0
442,Nautla,MX,2021-06-22 03:41:18,20.2167,-96.7833,82.38,87,100,11.65,overcast clouds,0,0
443,Serebryansk,KZ,2021-06-22 03:41:18,49.6925,83.2892,54.95,86,90,6.02,overcast clouds,0,0
444,Deniliquin,AU,2021-06-22 03:41:19,-35.5333,144.9667,57.0,56,100,10.69,overcast clouds,0,0
445,San Antonio,US,2021-06-22 03:39:48,29.4241,-98.4936,86.45,78,1,8.05,clear sky,0,0
446,Villacarrillo,ES,2021-06-22 03:41:19,38.1156,-3.0848,54.79,65,1,1.19,clear sky,0,0
447,Lata,PT,2021-06-22 03:37:51,40.1629,-8.3327,59.81,96,79,2.62,broken clouds,0,0
448,Ganzhou,CN,2021-06-22 03:41:19,28.8184,115.4327,84.24,60,100,5.61,overcast clouds,0,0
449,Pundaguitan,PH,2021-06-22 03:38:40,6.3711,126.1689,84.2,69,50,3.02,scattered clouds,0,0
450,Seoul,KR,2021-06-22 03:37:28,37.5683,126.9778,81.97,49,75,2.3,broken clouds,0,0
451,Mujiayingzi,CN,2021-06-22 03:41:20,42.1167,118.7833,76.39,36,18,9.17,few clouds,0,0
452,Padang,ID,2021-06-22 03:37:50,-0.9492,100.3543,83.93,67,98,6.64,overcast clouds,0,0
453,Murygino,RU,2021-06-22 03:41:20,58.7383,49.4582,77.97,57,66,3.04,broken clouds,0,0
454,Emerald,AU,2021-06-22 03:41:20,-23.5333,148.1667,73.54,35,75,18.41,broken clouds,0,0
455,Havre-Saint-Pierre,CA,2021-06-22 03:41:20,50.2334,-63.5986,61.16,88,90,10.36,mist,0,0
456,Beringovskiy,RU,2021-06-22 03:41:21,63.05,179.3167,43.74,66,72,13.4,broken clouds,0,0
457,Kieta,PG,2021-06-22 03:37:21,-6.2167,155.6333,84.13,73,15,6.17,light rain,0,0
458,Bonavista,CA,2021-06-22 03:39:05,48.6499,-53.1147,55.4,95,76,7.87,broken clouds,0,0
459,Azle,US,2021-06-22 03:41:21,32.8951,-97.5459,74.28,70,90,1.99,overcast clouds,0,0
460,Moratuwa,LK,2021-06-22 03:41:22,6.773,79.8816,84.22,78,62,12.15,broken clouds,0,0
461,Barabai,ID,2021-06-22 03:41:22,-2.5833,115.3833,85.73,66,99,2.42,overcast clouds,0,0
462,Port Moresby,PG,2021-06-22 03:41:22,-9.4431,147.1797,87.22,66,40,17.27,haze,0,0
463,Winsum,NL,2021-06-22 03:41:22,53.33,6.5208,53.22,90,62,8.23,broken clouds,0,0
464,Changji,CN,2021-06-22 03:41:23,44.0167,87.3167,75.99,43,0,4.47,clear sky,0,0
465,Caceres,ES,2021-06-22 03:41:23,39.522,-6.3748,52.81,89,1,3.76,clear sky,0,0
466,Hambantota,LK,2021-06-22 03:38:50,6.1241,81.1185,86.34,79,20,12.66,few clouds,0,0
467,Mwense,ZM,2021-06-22 03:41:23,-10.3845,28.698,52.41,80,3,4.18,clear sky,0,0
468,Sao Felix Do Xingu,BR,2021-06-22 03:41:24,-6.6447,-51.995,70.32,68,0,0.78,clear sky,0,0
469,Mount Gambier,AU,2021-06-22 03:38:49,-37.8333,140.7667,53.51,76,100,17.27,overcast clouds,0,0
470,Baoqing,CN,2021-06-22 03:41:24,46.3317,132.2111,79.45,35,26,4.27,scattered clouds,0,0
471,Belmonte,BR,2021-06-22 03:41:24,-15.8631,-38.8828,70.3,90,8,3.18,clear sky,0,0
472,Oktyabrskoye,RU,2021-06-22 03:41:24,43.0645,44.7417,66.34,88,0,0.0,clear sky,0,0
473,Jiangkou,CN,2021-06-22 03:41:25,25.4872,119.1986,73.29,94,100,9.89,overcast clouds,0,0
474,Waingapu,ID,2021-06-22 03:39:12,-9.6567,120.2641,86.07,61,75,8.23,broken clouds,0,0
475,San Buenaventura,MX,2021-06-22 03:41:25,27.0833,-101.5333,96.48,40,51,10.85,broken clouds,0,0
476,Tigil,RU,2021-06-22 03:41:25,57.8,158.6667,63.48,48,100,7.16,overcast clouds,0,0
477,Wanaka,NZ,2021-06-22 03:41:25,-44.7,169.15,44.4,68,24,0.2,few clouds,0,0
478,Texarkana,US,2021-06-22 03:40:26,33.4251,-94.0477,73.74,88,100,4.0,overcast clouds,0,0
479,Maragogi,BR,2021-06-22 03:37:24,-9.0122,-35.2225,75.06,80,32,3.24,scattered clouds,0,0
480,Nantucket,US,2021-06-22 03:38:22,41.2835,-70.0995,72.97,94,90,3.44,mist,0,0
481,Itarema,BR,2021-06-22 03:41:26,-2.9248,-39.9167,75.67,84,30,10.94,scattered clouds,0,0
482,Arman,RU,2021-06-22 03:41:26,59.7,150.1667,55.4,61,99,6.76,overcast clouds,0,0
483,Vanimo,PG,2021-06-22 03:41:26,-2.6741,141.3028,83.43,74,63,8.32,broken clouds,0,0
484,Houma,US,2021-06-22 03:40:33,29.5958,-90.7195,77.0,96,90,3.44,overcast clouds,0,0
485,Arkadak,RU,2021-06-22 03:41:27,51.9326,43.4978,75.27,74,19,7.83,few clouds,0,0
486,Mitsamiouli,KM,2021-06-22 03:41:27,-11.3847,43.2844,76.8,68,13,7.83,few clouds,0,0
487,Chumikan,RU,2021-06-22 03:41:27,54.7183,135.315,46.62,79,97,10.76,overcast clouds,0,0
488,Ahipara,NZ,2021-06-22 03:37:41,-35.1667,173.1667,59.31,70,1,12.21,clear sky,0,0
489,Tynset,NO,2021-06-22 03:41:28,62.2759,10.7824,46.02,94,100,9.13,light rain,0,0
490,Jiangyou,CN,2021-06-22 03:41:28,31.7667,104.7167,86.38,48,97,5.86,overcast clouds,0,0
491,Henties Bay,NA,2021-06-22 03:41:28,-22.116,14.2845,60.85,71,0,7.67,clear sky,0,0
492,Okrika,NG,2021-06-22 03:41:29,4.7416,7.0849,72.91,97,100,4.41,light rain,0,0
493,Zabaykalsk,RU,2021-06-22 03:41:29,49.6333,117.3167,75.2,40,58,6.69,broken clouds,0,0
494,Cuamba,MZ,2021-06-22 03:41:29,-14.8031,36.5372,59.25,94,66,2.28,broken clouds,0,0
495,Mwanza,TZ,2021-06-22 03:41:29,-2.5167,32.9,66.76,61,73,9.44,broken clouds,0,0
496,Verkhoyansk,RU,2021-06-22 03:41:30,67.5447,133.385,81.21,20,0,8.08,clear sky,0,0
497,Negombo,LK,2021-06-22 03:41:30,7.2083,79.8358,84.25,79,40,12.66,scattered clouds,0,0
498,Semey,KZ,2021-06-22 03:41:30,50.4111,80.2275,57.42,72,40,13.42,scattered clouds,0,0
499,Ghanzi,BW,2021-06-22 03:41:31,-21.5667,21.7833,47.41,59,0,8.75,clear sky,0,0
500,Leh,IN,2021-06-22 03:35:55,34.1667,77.5833,52.54,51,62,4.59,broken clouds,0,0
501,Churapcha,RU,2021-06-22 03:41:31,62.0025,132.4325,85.39,23,18,10.56,few clouds,0,0
502,Lasa,IT,2021-06-22 03:38:14,46.6166,10.7002,63.48,91,15,2.73,few clouds,0,0
503,Gwadar,PK,2021-06-22 03:41:31,25.1216,62.3254,84.2,73,10,7.74,clear sky,0,0
504,Oranjemund,NA,2021-06-22 03:41:32,-28.55,16.4333,57.42,88,0,2.82,clear sky,0,0
505,Kalanguy,RU,2021-06-22 03:41:32,51.0167,116.5167,71.33,54,10,6.31,clear sky,0,0
506,Acapulco,MX,2021-06-22 03:38:01,16.8634,-99.8901,81.0,82,89,2.62,overcast clouds,0,0
507,Borovskoy,KZ,2021-06-22 03:41:32,53.8,64.15,62.22,56,96,6.62,overcast clouds,0,0
508,Petatlan,MX,2021-06-22 03:41:33,17.5167,-101.2667,79.5,86,99,2.26,overcast clouds,0,0
509,San Vicente,AR,2021-06-22 03:41:33,-26.6167,-54.1333,54.72,100,100,0.36,overcast clouds,0,0
510,Kuah,MY,2021-06-22 03:41:33,6.3265,99.8432,87.78,70,20,2.3,few clouds,0,0
511,Vrangel,RU,2021-06-22 03:41:33,42.7297,133.0839,59.18,75,94,3.94,overcast clouds,0,0
512,Yabelo,ET,2021-06-22 03:41:34,4.8833,38.0833,55.85,81,56,10.07,broken clouds,0,0
513,Taos,US,2021-06-22 03:41:34,36.4072,-105.5731,68.4,52,1,3.0,clear sky,0,0
514,Batangafo,CF,2021-06-22 03:41:34,7.3008,18.2833,69.6,89,68,3.96,broken clouds,0,0
515,Gambela,ET,2021-06-22 03:41:34,8.25,34.5833,68.94,92,83,3.98,broken clouds,0,0
516,Peniche,PT,2021-06-22 03:41:35,39.3558,-9.3811,62.62,87,6,17.22,clear sky,0,0
517,Ostersund,SE,2021-06-22 03:39:13,63.1792,14.6357,49.6,100,20,9.22,few clouds,0,0
518,Hopkinsville,US,2021-06-22 03:41:35,36.8656,-87.4886,69.75,93,100,6.96,overcast clouds,0,0
519,Christchurch,NZ,2021-06-22 03:36:50,-43.5333,172.6333,50.02,91,75,1.99,broken clouds,0,0
520,Esil,KZ,2021-06-22 03:41:35,51.9556,66.4042,62.04,51,71,12.21,broken clouds,0,0
521,Pompeu,BR,2021-06-22 03:41:36,-19.2244,-44.9353,61.0,61,9,2.28,clear sky,0,0
522,Samarai,PG,2021-06-22 03:41:36,-10.6167,150.6667,79.21,85,60,15.14,broken clouds,0,0
523,Barra Do Garcas,BR,2021-06-22 03:41:36,-15.89,-52.2567,69.76,53,1,2.93,clear sky,0,0
524,Kavaratti,IN,2021-06-22 03:37:45,10.5669,72.642,82.4,78,85,20.22,overcast clouds,0,0
525,Micoud,LC,2021-06-22 03:41:36,13.8167,-60.9,80.53,83,40,16.11,scattered clouds,0,0
526,Jalu,LY,2021-06-22 03:41:37,29.0331,21.5482,78.08,39,0,9.01,clear sky,0,0
527,Yumen,CN,2021-06-22 03:41:37,40.2833,97.2,81.21,20,90,10.29,overcast clouds,0,0
528,Ketchikan,US,2021-06-22 03:41:37,55.3422,-131.6461,61.27,72,75,5.75,broken clouds,0,0
529,Sur,OM,2021-06-22 03:41:37,22.5667,59.5289,92.93,41,0,2.62,clear sky,0,0
530,Jumla,NP,2021-06-22 03:38:07,29.2747,82.1838,73.58,61,21,4.14,few clouds,0,0
531,Kristiinankaupunki,FI,2021-06-22 03:41:38,62.2743,21.376,62.85,85,84,5.75,broken clouds,0,0
532,Saint-Paul,RE,2021-06-22 03:41:38,-21.0096,55.2707,68.11,82,49,3.0,scattered clouds,0,0
533,Srednekolymsk,RU,2021-06-22 03:39:09,67.45,153.6833,72.25,31,83,5.21,broken clouds,0,0
534,Canmore,CA,2021-06-22 03:41:39,51.0834,-115.3521,71.71,67,46,3.44,scattered clouds,0,0
535,Nizhniy Tsasuchey,RU,2021-06-22 03:41:39,50.5167,115.1333,78.55,36,28,7.65,scattered clouds,0,0
536,Karacabey,TR,2021-06-22 03:41:39,40.2152,28.4038,70.45,81,3,1.77,clear sky,0,0
537,Boyle,US,2021-06-22 03:41:40,37.6334,-84.8666,67.5,94,90,3.44,moderate rain,0,0
538,Qaqortoq,GL,2021-06-22 03:38:12,60.7167,-46.0333,46.9,91,100,1.97,overcast clouds,0,0
539,Mehamn,NO,2021-06-22 03:38:13,71.0357,27.8492,51.98,93,75,1.14,broken clouds,0,0
540,Kita,ML,2021-06-22 03:41:40,13.0349,-9.4895,79.34,67,51,6.69,broken clouds,0,0
541,Launceston,AU,2021-06-22 03:41:40,-41.45,147.1667,54.16,92,40,1.99,scattered clouds,0,0
542,Esperanza,DO,2021-06-22 03:41:41,19.5847,-70.9849,77.49,83,100,5.01,overcast clouds,0,0
543,Diffa,NE,2021-06-22 03:41:41,13.3154,12.6113,80.83,62,94,14.83,overcast clouds,0,0
544,Port Hawkesbury,CA,2021-06-22 03:41:41,45.6169,-61.3485,65.91,93,75,4.0,broken clouds,0,0
545,Kasempa,ZM,2021-06-22 03:41:41,-13.4584,25.8338,48.72,87,43,6.02,scattered clouds,0,0
546,Lagoa,PT,2021-06-22 03:38:02,39.05,-27.9833,63.66,74,57,7.87,broken clouds,0,0
547,Algiers,DZ,2021-06-22 03:41:35,36.7525,3.042,58.82,82,0,0.0,clear sky,0,0
548,Quijingue,BR,2021-06-22 03:41:42,-10.7525,-39.2092,67.37,99,46,3.4,scattered clouds,0,0
549,Zhanaozen,KZ,2021-06-22 03:41:42,43.3,52.8,89.89,14,0,8.08,clear sky,0,0
550,Amboasary,MG,2021-06-22 03:41:43,-25.0333,46.3833,66.04,88,0,3.89,clear sky,0,0
551,Rafai,CF,2021-06-22 03:41:43,4.95,23.9167,65.62,99,56,2.82,broken clouds,0,0
552,Guaraniacu,BR,2021-06-22 03:41:43,-25.1008,-52.8781,54.1,100,98,1.79,overcast clouds,0,0
553,Lugovskoy,RU,2021-06-22 03:41:43,56.9585,64.529,57.42,67,100,1.36,overcast clouds,0,0
554,Arlit,NE,2021-06-22 03:41:44,18.7369,7.3853,82.89,29,17,8.3,few clouds,0,0
555,Flinders,AU,2021-06-22 03:38:36,-34.5833,150.8552,64.06,76,23,1.01,few clouds,0,0
556,Tazovskiy,RU,2021-06-22 03:41:44,67.4667,78.7,46.99,53,33,14.0,scattered clouds,0,0
557,Mitu,CO,2021-06-22 03:41:44,1.1983,-70.1733,69.75,99,74,0.87,broken clouds,0,0
558,Gat,IL,2021-06-22 03:41:45,31.61,34.7642,74.39,71,0,3.78,clear sky,0,0
559,Matara,LK,2021-06-22 03:37:26,5.9485,80.5353,83.66,73,48,13.33,scattered clouds,0,0
560,Alexandria,EG,2021-06-22 03:37:14,31.2156,29.9553,73.36,73,0,3.44,clear sky,0,0
561,Nakhon Phanom,TH,2021-06-22 03:41:45,17.3333,104.4167,89.28,55,100,4.5,overcast clouds,0,0
562,Sahuaripa,MX,2021-06-22 03:41:45,29.05,-109.2333,74.5,80,91,3.22,overcast clouds,0,0
563,Kavieng,PG,2021-06-22 03:38:31,-2.5744,150.7967,85.42,68,35,13.82,scattered clouds,0,0
564,Clacton-On-Sea,GB,2021-06-22 03:38:11,51.7897,1.156,54.97,87,100,5.99,overcast clouds,0,0
565,Sembe,CG,2021-06-22 03:41:46,1.6481,14.5806,67.15,99,98,2.01,overcast clouds,0,0
566,Kaga,JP,2021-06-22 03:41:46,36.2997,136.3145,77.68,69,40,20.71,scattered clouds,0,0
567,Turan,VN,2021-06-22 03:41:46,16.0678,108.2208,100.38,39,0,3.44,clear sky,0,0
568,Auburn,US,2021-06-22 03:41:47,47.3073,-122.2284,86.83,52,20,1.99,few clouds,0,0
569,Pindiga,NG,2021-06-22 03:41:47,9.9833,10.9333,71.98,85,100,1.97,light rain,0,0
570,Huarmey,PE,2021-06-22 03:41:47,-10.0681,-78.1522,65.08,85,92,6.58,overcast clouds,0,0
571,Astoria,US,2021-06-22 03:40:54,46.1879,-123.8313,61.86,87,90,1.01,overcast clouds,0,0
572,Krasnokamensk,RU,2021-06-22 03:41:47,50.0979,118.0369,74.43,45,65,6.71,broken clouds,0,0
573,Zhifang,CN,2021-06-22 03:41:48,30.35,114.3167,84.18,57,27,3.09,scattered clouds,0,0
574,Aberdeen,GB,2021-06-22 03:38:12,57.1437,-2.0981,49.82,93,1,8.05,clear sky,0,0
575,Kaoma,ZM,2021-06-22 03:41:48,-14.7833,24.8,47.28,94,7,5.44,clear sky,0,0
576,Warsaw,PL,2021-06-22 03:41:48,52.2298,21.0118,74.95,78,0,3.0,clear sky,0,0
577,Tiarei,PF,2021-06-22 03:41:49,-17.5333,-149.3333,82.0,75,12,5.86,light rain,0,0
578,Cam Ranh,VN,2021-06-22 03:41:49,11.9214,109.1591,94.96,46,0,5.75,clear sky,0,0
579,Panguna,PG,2021-06-22 03:41:49,-6.3164,155.4848,78.67,72,27,1.66,light rain,0,0
580,Serrinha,BR,2021-06-22 03:41:49,-11.6642,-39.0075,67.35,98,92,4.03,overcast clouds,0,0
581,Landau,DE,2021-06-22 03:41:50,49.2075,8.1133,61.88,89,86,7.0,overcast clouds,0,0
582,Cayenne,GF,2021-06-22 03:39:36,4.9333,-52.3333,78.1,88,90,2.3,mist,0,0
583,Qandala,SO,2021-06-22 03:41:50,11.472,49.8728,90.01,47,62,5.53,broken clouds,0,0
584,Harper,LR,2021-06-22 03:37:34,4.375,-7.7169,77.27,85,91,6.51,light rain,0,0
585,Pochutla,MX,2021-06-22 03:41:50,15.7432,-96.4661,79.83,87,99,0.45,overcast clouds,0,0
586,Sao Jose Da Coroa Grande,BR,2021-06-22 03:41:51,-8.8978,-35.1478,75.6,79,30,3.87,scattered clouds,0,0
587,Nouadhibou,MR,2021-06-22 03:37:42,20.931,-17.0347,67.98,83,30,16.11,scattered clouds,0,0
588,Isoka,ZM,2021-06-22 03:41:51,-10.1606,32.6335,49.35,91,2,1.16,clear sky,0,0
589,Abu Dhabi,AE,2021-06-22 03:37:04,24.4667,54.3667,89.62,66,0,9.22,clear sky,0,0
590,Mackay,AU,2021-06-22 03:41:51,-21.15,149.2,73.38,73,40,18.41,scattered clouds,0,0
591,Brownsville,US,2021-06-22 03:40:04,25.9018,-97.4975,84.9,84,90,4.0,overcast clouds,0,0
592,Schoneiche,DE,2021-06-22 03:41:52,52.4667,13.6833,68.13,80,40,8.05,scattered clouds,0,0
593,Bone,DE,2021-06-22 03:41:52,51.9669,12.1396,63.43,87,96,10.18,overcast clouds,0,0
594,Victoria Point,AU,2021-06-22 03:41:52,-27.5833,153.3,72.81,63,68,10.0,broken clouds,0,0
595,Sonoita,MX,2021-06-22 03:41:52,31.85,-112.8333,86.52,42,32,5.23,scattered clouds,0,0
596,Haines Junction,CA,2021-06-22 03:41:53,60.7522,-137.5108,53.55,50,81,13.8,broken clouds,0,0
597,Jiamusi,CN,2021-06-22 03:41:53,46.8333,130.35,79.93,38,8,1.25,clear sky,0,0
598,Jati,PK,2021-06-22 03:41:53,24.3539,68.2671,87.66,57,74,15.66,broken clouds,0,0
599,Sept-Iles,CA,2021-06-22 03:38:03,50.2001,-66.3821,59.52,97,90,5.99,overcast clouds,0,0
600,Werda,BW,2021-06-22 03:41:54,-25.2667,23.2833,47.16,55,0,7.23,clear sky,0,0
601,Vaitape,PF,2021-06-22 03:41:54,-16.5167,-151.75,79.88,73,0,7.54,clear sky,0,0
602,Sorong,ID,2021-06-22 03:38:16,-0.8833,131.25,82.51,72,84,3.91,broken clouds,0,0
603,Mucurapo,TT,2021-06-22 03:41:54,10.6667,-61.5333,78.85,78,79,7.74,broken clouds,0,0
604,Sulangan,PH,2021-06-22 03:41:55,11.1373,123.7228,83.61,71,100,6.38,overcast clouds,0,0
605,Lompoc,US,2021-06-22 03:37:19,34.6391,-120.4579,65.01,82,75,8.05,broken clouds,0,0
606,Virginia Beach,US,2021-06-22 03:39:31,36.8529,-75.978,86.11,73,1,10.36,clear sky,0,0
607,Bay City,US,2021-06-22 03:41:55,43.5945,-83.8889,52.95,73,1,9.22,clear sky,0,0
608,Dalvik,IS,2021-06-22 03:41:55,65.9702,-18.5286,49.93,87,96,11.79,overcast clouds,0,0
609,Kloulklubed,PW,2021-06-22 03:39:12,7.0419,134.2556,79.3,68,94,3.98,overcast clouds,0,0
610,Kalmunai,LK,2021-06-22 03:38:50,7.4167,81.8167,85.6,64,100,6.17,overcast clouds,0,0
611,Qurayyat,SA,2021-06-22 03:41:56,31.3318,37.3428,68.18,60,0,4.61,clear sky,0,0
612,Praya,CV,2021-06-22 03:39:37,14.9215,-23.5087,72.14,73,20,9.22,few clouds,0,0
613,Calbuco,CL,2021-06-22 03:41:56,-41.768,-73.1273,43.81,88,100,9.66,light rain,0,0
614,Linxia,CN,2021-06-22 03:41:56,35.6003,103.2064,77.56,36,73,7.16,broken clouds,0,0
615,Tiverton,GB,2021-06-22 03:41:57,50.9,-3.4833,54.66,87,100,8.01,overcast clouds,0,0
616,Bulz,RO,2021-06-22 03:41:57,46.9167,22.6833,65.07,82,30,4.52,scattered clouds,0,0
617,Vasai,IN,2021-06-22 03:41:57,19.47,72.8,84.29,63,89,7.99,overcast clouds,0,0
618,Channel-Port Aux Basques,CA,2021-06-22 03:41:58,47.5702,-59.1367,55.13,94,71,12.93,broken clouds,0,0
619,Dalnegorsk,RU,2021-06-22 03:41:58,44.5604,135.5701,74.1,37,6,6.87,clear sky,0,0
620,Chama,CH,2021-06-22 03:41:58,47.1821,8.4636,63.9,91,75,0.0,broken clouds,0,0
621,Saint-Joseph,RE,2021-06-22 03:41:58,-21.3667,55.6167,66.58,68,59,11.43,broken clouds,0,0
622,Zabol,AF,2021-06-22 03:41:59,32.25,67.25,76.23,21,1,5.01,clear sky,0,0
623,Bonthe,SL,2021-06-22 03:41:59,7.5264,-12.505,74.66,95,100,2.57,heavy intensity rain,0,0
624,Cerritos,US,2021-06-22 03:39:00,33.8583,-118.0648,81.95,73,20,4.0,few clouds,0,0
625,Solnechnyy,RU,2021-06-22 03:37:26,50.7214,136.6319,79.11,41,100,6.71,overcast clouds,0,0
626,Cascais,PT,2021-06-22 03:41:59,38.6979,-9.4215,63.63,79,3,5.01,clear sky,0,0
627,Qingquan,CN,2021-06-22 03:42:00,30.4511,115.2559,85.98,50,33,2.35,scattered clouds,0,0
628,Maturin,VE,2021-06-22 03:42:00,9.75,-63.1767,72.54,94,100,4.41,overcast clouds,0,0
629,Bath,GB,2021-06-22 03:37:08,51.3779,-2.3591,54.37,91,100,11.97,light rain,0,0
630,Santa Rosa,PH,2021-06-22 03:39:20,14.3122,121.1114,89.1,69,99,5.84,overcast clouds,0,0
631,Kabo,CF,2021-06-22 03:42:00,7.6994,18.629,70.52,76,66,4.54,broken clouds,0,0
632,Hualmay,PE,2021-06-22 03:38:33,-11.0964,-77.6139,63.82,85,85,5.08,overcast clouds,0,0
633,Ilhabela,BR,2021-06-22 03:42:00,-23.7781,-45.3581,64.33,87,73,2.91,broken clouds,0,0
634,Mogadishu,SO,2021-06-22 03:40:25,2.0371,45.3438,77.54,82,54,15.93,broken clouds,0,0
635,Tigre,AR,2021-06-22 03:42:01,-34.426,-58.5796,54.23,87,90,4.61,overcast clouds,0,0
636,Mattru,SL,2021-06-22 03:42:01,7.6244,-11.8332,72.5,99,100,1.05,moderate rain,0,0
637,Pangnirtung,CA,2021-06-22 03:38:56,66.1451,-65.7125,44.4,68,57,4.12,broken clouds,0,0
638,Richards Bay,ZA,2021-06-22 03:38:04,-28.783,32.0377,58.05,80,0,9.75,clear sky,0,0
639,Novyy Urengoy,RU,2021-06-22 03:42:01,66.0833,76.6333,51.17,44,84,14.23,broken clouds,0,0
640,Elko,US,2021-06-22 03:39:00,41.0002,-115.5012,89.62,46,52,16.69,broken clouds,0,0
641,Odweyne,SO,2021-06-22 03:42:02,9.4092,45.064,70.21,63,2,20.51,clear sky,0,0
642,Praia Da Vitoria,PT,2021-06-22 03:42:02,38.7333,-27.0667,68.25,83,40,5.21,scattered clouds,0,0
643,Gbadolite,CD,2021-06-22 03:42:02,4.2833,21.0167,69.76,98,100,5.41,overcast clouds,0,0
644,Martapura,ID,2021-06-22 03:42:03,-3.4167,114.85,86.09,70,20,5.75,few clouds,0,0
645,Raudeberg,NO,2021-06-22 03:42:03,61.9875,5.1352,50.67,92,56,12.41,broken clouds,0,0
646,Havoysund,NO,2021-06-22 03:42:03,70.9963,24.6622,52.68,90,91,14.54,overcast clouds,0,0
647,Aldan,RU,2021-06-22 03:42:04,58.6031,125.3894,79.27,43,10,3.83,clear sky,0,0
648,Half Moon Bay,US,2021-06-22 03:39:06,37.4636,-122.4286,66.92,80,90,1.01,overcast clouds,0,0
649,Goderich,CA,2021-06-22 03:37:39,43.7501,-81.7165,54.91,71,87,16.11,overcast clouds,0,0
650,Whyalla,AU,2021-06-22 03:42:04,-33.0333,137.5833,62.49,51,100,13.8,light rain,0,0
651,Thinadhoo,MV,2021-06-22 03:42:04,0.5333,72.9333,83.75,72,18,10.92,few clouds,0,0
652,Marawi,PH,2021-06-22 03:38:19,7.9986,124.2928,79.65,72,92,4.52,overcast clouds,0,0
653,Sosnovo-Ozerskoye,RU,2021-06-22 03:42:05,52.5249,111.5418,76.3,39,33,3.4,scattered clouds,0,0
654,Tiznit,MA,2021-06-22 03:39:02,29.5833,-9.5,60.4,88,75,4.63,broken clouds,0,0
655,Hurghada,EG,2021-06-22 03:42:05,27.2574,33.8129,82.44,28,0,9.22,clear sky,0,0
656,Natal,BR,2021-06-22 03:37:52,-5.795,-35.2094,75.42,88,20,5.75,few clouds,0,0
657,New Ipswich,US,2021-06-22 03:42:05,42.7481,-71.8542,74.59,84,70,1.01,broken clouds,0,0
658,Luwuk,ID,2021-06-22 03:42:06,-0.9516,122.7875,84.78,73,65,2.77,broken clouds,0,0
659,Bandarbeyla,SO,2021-06-22 03:37:34,9.4942,50.8122,79.05,73,12,25.03,few clouds,0,0
660,Baykit,RU,2021-06-22 03:38:25,61.67,96.37,52.07,78,100,9.33,overcast clouds,0,0
661,Sangar,RU,2021-06-22 03:42:06,63.9242,127.4739,86.23,32,64,3.58,broken clouds,0,0
662,Te Anau,NZ,2021-06-22 03:39:12,-45.4167,167.7167,44.35,76,56,1.16,broken clouds,0,0
663,Mirnyy,RU,2021-06-22 03:42:06,62.5353,113.9611,84.02,28,45,5.5,scattered clouds,0,0
664,Monrovia,LR,2021-06-22 03:38:43,6.3005,-10.7969,75.87,87,98,4.94,moderate rain,0,0
665,Hami,CN,2021-06-22 03:42:07,42.8,93.45,86.43,16,100,2.42,overcast clouds,0,0
666,Wajima,JP,2021-06-22 03:42:07,37.4,136.9,75.88,73,40,11.5,scattered clouds,0,0
667,Varhaug,NO,2021-06-22 03:42:07,58.6147,5.6457,51.85,87,100,22.77,overcast clouds,0,0
668,Baran,IN,2021-06-22 03:42:08,25.1,76.5167,95.09,39,63,14.41,broken clouds,0,0
669,Pimenta Bueno,BR,2021-06-22 03:42:08,-11.6725,-61.1936,72.97,76,37,3.0,scattered clouds,0,0
670,Hailar,CN,2021-06-22 03:42:08,49.2,119.7,74.14,44,100,2.89,overcast clouds,0,0
671,Motygino,RU,2021-06-22 03:42:08,58.1831,94.7592,63.54,48,23,3.98,few clouds,0,0
672,Macau,MO,2021-06-22 03:42:09,22.2006,113.5461,80.71,88,40,8.05,light rain,0,0
673,Greensburg,US,2021-06-22 03:37:36,40.3015,-79.5389,67.93,97,90,0.0,heavy intensity rain,0,0
674,Utamysh,RU,2021-06-22 03:42:09,42.4072,47.7511,69.53,26,1,5.32,clear sky,0,0
675,Casimiro De Abreu,BR,2021-06-22 03:42:09,-22.4806,-42.2042,58.78,89,29,4.12,scattered clouds,0,0
676,Sholokhove,UA,2021-06-22 03:42:09,47.6945,34.0312,70.59,67,11,10.54,few clouds,0,0
677,Illapel,CL,2021-06-22 03:42:10,-31.6308,-71.1653,53.71,55,46,0.72,scattered clouds,0,0
678,Biltine,TD,2021-06-22 03:42:10,14.5333,20.9167,86.0,28,93,7.31,overcast clouds,0,0
679,Manturovo,RU,2021-06-22 03:42:10,58.3353,44.7619,76.08,69,80,4.74,broken clouds,0,0
680,Loa Janan,ID,2021-06-22 03:42:11,-0.583,117.095,87.19,61,100,1.86,overcast clouds,0,0
681,Shimoda,JP,2021-06-22 03:39:30,34.6667,138.95,77.11,73,68,12.26,broken clouds,0,0
682,Jalingo,NG,2021-06-22 03:42:11,8.8833,11.3667,72.07,94,99,2.8,light rain,0,0
683,Santa Cruz Del Sur,CU,2021-06-22 03:42:11,20.7147,-77.9956,78.06,90,2,7.38,light rain,0,0
684,Segezha,RU,2021-06-22 03:42:12,63.7415,34.3222,70.97,70,36,9.24,scattered clouds,0,0
685,Kaifeng,CN,2021-06-22 03:42:12,34.7911,114.3483,90.46,23,0,7.43,clear sky,0,0
